"Reference","Value","DNP","Exclude from BOM","Exclude from Board","Exclude from Simulation","Exclude from Position Files","Footprint","MANUFACTURER","MPN","DISTRIBUTOR LINK","Datasheet","Notes","Qty"
"AE1,AE2","UWA.01","","","","","${EXCLUDE_FROM_POS_FILES}","","Taoglas","UWA.01","https://eu.mouser.com/en/ProductDetail/Taoglas/UWA.01?qs=9vOqFld9vZVByrqnvTt01g%3D%3D","https://www.taoglas.com/datasheets/UWA.01.pdf","Identical PDoA pair; same orientation; no substitution without RF revalidation.","2"
"AE3","Antenna_Loop","","","","","${EXCLUDE_FROM_POS_FILES}","","PCB antenna","N/A","N/A","https://www.nxp.com/docs/en/application-note/AN13219.pdf","PCB NFC loop; tune on first article.","1"
"AE4","ADFGP.25E.07.0060A","","","Excluded from board","","${EXCLUDE_FROM_POS_FILES}","","Taoglas","ADFGP.25E.07.0060A","https://eu.mouser.com/en/ProductDetail/Taoglas/ADFGP.25E.07.0060A?qs=W%2FMpXkg%252BdQ5cVoIP0t8jng%3D%3D","https://eu.mouser.com/datasheet/3/942/1/ADFGP.25E.07.0060A.pdf","Off-board active GNSS patch antenna; 1559–1610 MHz; 60 mm coax; I-PEX MHF I/U.FL-compatible connector; mates J13.","1"
"BT1","VTC-LP484594 3.7V 2200mAh protected battery pack","","","Excluded from board","","${EXCLUDE_FROM_POS_FILES}","","VTC Power Co., Ltd.","VTC-LP484594","https://vtcbatt.com/lvtc-lp484594-3-7v-2200mah-li-ion-polymer-battery/","https://vtcbatt.com/lvtc-lp484594-3-7v-2200mah-li-ion-polymer-battery/","Off-board protected 1S 2200mAh pack with 10k NTC. Includes JST PHR-3 housing and 3x SPH-002T-P0.5S contacts. Required cavity order: 1=BAT+/red, 2=NTC/yellow, 3=GND/black. Supplier drawing and samples must confirm polarity before purchase.","1"
"BZ1","AST1109MLTRQ","","","","","${EXCLUDE_FROM_POS_FILES}","Buzzer_Beeper:Buzzer_Mallory_AST1109MLTRQ","Mallory Sonalert","AST1109MLTRQ","https://www.mouser.com/ProductDetail/Mallory-Sonalert/AST1109MLTRQ?qs=GpRChIzryBM5c7g4uet5pQ%3D%3D","https://www.mallory-sonalert.com/specifications/AST1109MLTRQ.pdf","N/A","1"
"C1,C23,C45,C58,C79,C111,C124,C132,C143,C163,C164,C165,C181,C230","1u","","","","","${EXCLUDE_FROM_POS_FILES}","Capacitor_SMD:C_0603_1608Metric","Murata","GRM188R71C105KA12D","https://www.mouser.com/ProductDetail/Murata-Electronics/GRM188R71C105KA12D?qs=wknuCjwwyK4FvjRMMlVuNQ%3D%3D","https://pim.murata.com/en-global/pim/details/?partNum=GRM188R71C105KA12D","N/A","14"
"C2,C4,C5,C11,C12,C19,C20,C21,C24,C193,C211,C212,C221,C222","22u","","","","","${EXCLUDE_FROM_POS_FILES}","Capacitor_SMD:C_1206_3216Metric","Murata","GRM31CR71A226KE15L","https://www.mouser.com/ProductDetail/Murata-Electronics/GRM31CR71A226KE15L?qs=%2FBLjsTEvPnhfnPGA5Hlk4g%3D%3D","https://pim.murata.com/en-global/pim/details/?partNum=GRM31CR71A226KE15L","Verify effective capacitance under DC bias.","14"
"C3","47n","","","","","${EXCLUDE_FROM_POS_FILES}","Capacitor_SMD:C_0603_1608Metric","Murata","GRM188R71C473KA01D","https://www.mouser.com/ProductDetail/Murata-Electronics/GRM188R71C473KA01D?qs=34S%252BtexyrxpyG5jfkflBKw%3D%3D","https://pim.murata.com/en-global/pim/details/?partNum=GRM188R71C473KA01D","N/A","1"
"C6,C22,C40,C102,C157,C170,C172,C186,C189,C190,C204","10u","","","","","${EXCLUDE_FROM_POS_FILES}","Capacitor_SMD:C_0805_2012Metric","Murata","GRM21BR71A106KE51L","https://www.mouser.com/ProductDetail/Murata-Electronics/GRM21BR71A106KE51L?qs=kHCDrmfBqSAdNFLacabF8w%3D%3D","https://pim.murata.com/en-global/pim/details/?partNum=GRM21BR71A106KE51L","Verify effective capacitance under DC bias.","11"
"C7,C231,C238","4u7","","","","","${EXCLUDE_FROM_POS_FILES}","Capacitor_SMD:C_0805_2012Metric","Murata","GRM21BR71A475KA73L","https://www.mouser.com/ProductDetail/Murata-Electronics/GRM21BR71A475KA73L?qs=kHCDrmfBqSAAYeeMCPW7Gg%3D%3D","https://pim.murata.com/en-global/pim/details/?partNum=GRM21BR71A475KA73L","Verify effective capacitance under DC bias.","3"
"C8,C9,C10","47u","","","","","${EXCLUDE_FROM_POS_FILES}","Capacitor_SMD:C_1210_3225Metric","Murata","GRM32ER71A476KE15L","https://www.mouser.com/ProductDetail/Murata-Electronics/GRM32ER71A476KE15L?qs=igOKQWwJTmw3%252BdJ0z0AeYw%3D%3D","https://pim.murata.com/en-global/pim/details/?partNum=GRM32ER71A476KE15L","Verify effective capacitance under DC bias.","3"
"C13,C97,C100,C233,C234,C255,C256","2u2","","","","","${EXCLUDE_FROM_POS_FILES}","Capacitor_SMD:C_0603_1608Metric","Murata","GRM188R71A225KE15D","https://www.mouser.com/ProductDetail/Murata-Electronics/GRM188R71A225KE15D?qs=FI%2F1jqMWe7rgTInCPAq47w%3D%3D","https://pim.murata.com/en-global/pim/details/?partNum=GRM188R71A225KE15D","N/A","7"
"C14","10p","","","","","${EXCLUDE_FROM_POS_FILES}","Capacitor_SMD:C_0603_1608Metric","Murata","GRM1885C1H100JA01D","https://www.mouser.com/ProductDetail/Murata-Electronics/GRM1885C1H100JA01D?qs=ww%2FlVN%252BrV%2FYzOLxgKpM8Gg%3D%3D","https://pim.murata.com/en-global/pim/details/?partNum=GRM1885C1H100JA01D","N/A","1"
"C15,C208,C226,C251,C252","1n","","","","","${EXCLUDE_FROM_POS_FILES}","Capacitor_SMD:C_0603_1608Metric","Murata","GRM1885C1H102JA01D","https://www.mouser.com/ProductDetail/Murata-Electronics/GRM1885C1H102JA01D?qs=H3lwsW1hsDtu9zD8AnV%2FOA%3D%3D","https://pim.murata.com/en-global/pim/details/?partNum=GRM1885C1H102JA01D","N/A","5"
"C16,C25,C150,C154,C156,C158,C159,C161,C162,C166,C167,C168,C169,C171,C176,C177,C178,C180,C182,C206,C207,C209,C210,C219,C220,C232,C237","100n","","","","","${EXCLUDE_FROM_POS_FILES}","Capacitor_SMD:C_0603_1608Metric","Murata","GRM188R71C104KA01D","https://www.mouser.com/ProductDetail/Murata-Electronics/GRM188R71C104KA01D?qs=WZmVLWkT%2FeCcuvj%2FpnjfsA%3D%3D","https://pim.murata.com/en-global/pim/details/?partNum=GRM188R71C104KA01D","N/A","27"
"C17","0u1","","","","","${EXCLUDE_FROM_POS_FILES}","Capacitor_SMD:C_0603_1608Metric","Murata","GRM188R71C104KA01D","https://www.mouser.com/ProductDetail/Murata-Electronics/GRM188R71C104KA01D?qs=WZmVLWkT%2FeCcuvj%2FpnjfsA%3D%3D","https://pim.murata.com/en-global/pim/details/?partNum=GRM188R71C104KA01D","N/A","1"
"C18","120u","","","","","${EXCLUDE_FROM_POS_FILES}","","Panasonic","EEF-TX0J121RF","https://www.mouser.com/ProductDetail/Panasonic/EEF-TX0J121RF?qs=17ckDYBRdel6t%2F9KIt481Q%3D%3D","https://industrial.panasonic.com/ww/products/pt/sp-cap/models/EEFTX0J121RF","Polarized 2-terminal SP-Cap; pin 1/+ = VBUS_HOST, pin 2/- = GND","1"
"C26,C29,C32,C153,C155","4u7","","","","","${EXCLUDE_FROM_POS_FILES}","Capacitor_SMD:C_0603_1608Metric","Murata","GRM188Z71A475KE15D","https://eu.mouser.com/en/ProductDetail/Murata-Electronics/GRM188Z71A475KE15D?qs=Ey7%2FXF42M3f4zgfhxcfIIw%3D%3D","https://pim.murata.com/asset/pim4/ceramicCapacitorSMD/GRM188Z71A475KE15-01A-EN_PDF_CERAMICCAPACITORSMD","","5"
"C27,C28,C33,C34,C35,C36,C37,C38,C39,C41,C42,C46,C47,C80,C83,C84,C85,C86,C87,C88,C89,C90,C93,C94,C95,C98,C99,C103,C104,C105,C106,C107,C108,C112,C118,C119,C121,C126,C127,C128,C129,C130,C131,C134,C137,C147,C148,C149,C184,C187,C192,C195,C196,C203","100n","","","","","${EXCLUDE_FROM_POS_FILES}","Capacitor_SMD:C_0402_1005Metric","Murata","GRM155R71C104KA88D","https://www.mouser.com/ProductDetail/Murata-Electronics/GRM155R71C104KA88D?qs=8YPuuxuUzMJKePo9sU3A2g%3D%3D","https://pim.murata.com/en-global/pim/details/?partNum=GRM155R71C104KA88D","N/A","54"
"C30,C31,C81,C82,C116,C117,C135,C136","15p","","","","","${EXCLUDE_FROM_POS_FILES}","Capacitor_SMD:C_0402_1005Metric","Murata","GJM1555C1H150JB01D","https://www.mouser.com/ProductDetail/Murata-Electronics/GJM1555C1H150JB01D?qs=a0pwrXwGanj7wlRhnCU%252Bug%3D%3D","https://pim.murata.com/en-global/pim/details/?partNum=GJM1555C1H150JB01D","N/A","8"
"C43,C44","4p7","","","","","${EXCLUDE_FROM_POS_FILES}","Capacitor_SMD:C_0402_1005Metric","Murata","GJM1555C1H4R7BB01D","https://www.mouser.com/ProductDetail/Murata-Electronics/GJM1555C1H4R7BB01D?qs=Qf9gV6gYIayum3lGtz9y0A%3D%3D","https://pim.murata.com/en-global/pim/details/?partNum=GJM1555C1H4R7BB01D","N/A","2"
"C48","1p","","","","","${EXCLUDE_FROM_POS_FILES}","Capacitor_SMD:C_0402_1005Metric","Murata","GJM1555C1H1R0BB01D","https://www.mouser.com/ProductDetail/Murata-Electronics/GJM1555C1H1R0BB01D?qs=L%252BSWb%252BQ%252BSSQduWQxt%2F7mFA%3D%3D","https://pim.murata.com/en-global/pim/details/?partNum=GJM1555C1H1R0BB01D","N/A","1"
"C49","3p","","","","","${EXCLUDE_FROM_POS_FILES}","Capacitor_SMD:C_0402_1005Metric","Murata","GJM1555C1H3R0BB01D","https://www.mouser.com/ProductDetail/Murata-Electronics/GJM1555C1H3R0BB01D?qs=fOe5G3t%252BQHoZjxUrLCJNQQ%3D%3D","https://pim.murata.com/en-global/pim/details/?partNum=GJM1555C1H3R0BB01D","N/A","1"
"C50","3p9","","","","","${EXCLUDE_FROM_POS_FILES}","Capacitor_SMD:C_0402_1005Metric","Murata","GJM1555C1H3R9BB01D","https://www.mouser.com/ProductDetail/Murata-Electronics/GJM1555C1H3R9BB01D?qs=c%2FCN9u4B38Hzf%252B8cBWZS3g%3D%3D","https://pim.murata.com/en-global/pim/details/?partNum=GJM1555C1H3R9BB01D","N/A","1"
"C51","5p1","","","","","${EXCLUDE_FROM_POS_FILES}","Capacitor_SMD:C_0402_1005Metric","Murata","GJM1555C1H5R1BB01D","https://www.mouser.com/ProductDetail/Murata-Electronics/GJM1555C1H5R1BB01D?qs=YLLXL5qGyDsC0ZZVCZbXgA%3D%3D","https://pim.murata.com/en-global/pim/details/?partNum=GJM1555C1H5R1BB01D","N/A","1"
"C52","2p7","","","","","${EXCLUDE_FROM_POS_FILES}","Capacitor_SMD:C_0402_1005Metric","Murata","GJM1555C1H2R7BB01D","https://www.mouser.com/ProductDetail/Murata-Electronics/GJM1555C1H2R7BB01D?qs=Qf9gV6gYIawNxW7nURgGBg%3D%3D","https://pim.murata.com/en-global/pim/details/?partNum=GJM1555C1H2R7BB01D","N/A","1"
"C53,C57,C59,C62,C76,C77,C113,C115,C120,C122,C123,C125,C138,C139,C141,C142,C144","100p","","","","","${EXCLUDE_FROM_POS_FILES}","Capacitor_SMD:C_0402_1005Metric","Murata","GRM1555C1H101JA01D","https://eu.mouser.com/en/ProductDetail/Murata-Electronics/GRM1555C1H101JA01D?qs=to8XolpOzrOREPd%2Fx%2FLxrw%3D%3D","https://pim.murata.com/en-eu/pim/details/?partNum=GRM1555C1H101JA01D","","17"
"C54","100p","","","","","${EXCLUDE_FROM_POS_FILES}","Capacitor_SMD:C_0402_1005Metric","Murata","GRM1555C1H101JA01D","https://eu.mouser.com/en/ProductDetail/Murata-Electronics/GRM1555C1H101JA01D?qs=to8XolpOzrOREPd%2Fx%2FLxrw%3D%3D","https://pim.murata.com/asset/pim4/ceramicCapacitorSMD/GRM1555C1H101JA01-01A-EN_PDF_CERAMICCAPACITORSMD","C0G; initial PA input match; tune on Rev-A.","1"
"C55","8p2","","","","","${EXCLUDE_FROM_POS_FILES}","Capacitor_SMD:C_0402_1005Metric","Murata","GJM1555C1H8R2DB01D","https://www.mouser.com/ProductDetail/Murata-Electronics/GJM1555C1H8R2DB01D?qs=563MOeNa05I6DnfmsnEEKg%3D%3D","https://pim.murata.com/en-global/pim/details/?partNum=GJM1555C1H8R2DB01%23","Initial PA input match; tuning alternatives: DNP, 5.6pF.","1"
"C56","15p","","","","","${EXCLUDE_FROM_POS_FILES}","Capacitor_SMD:C_0402_1005Metric","Murata","GJM1555C1H150JB01D","https://www.mouser.com/ProductDetail/Murata-Electronics/GJM1555C1H150JB01D?qs=a0pwrXwGanj7wlRhnCU%252Bug%3D%3D","https://www.murata.com/en-global/products/capacitor/ceramiccapacitor/overview/lineup/smd/gjm","Initial PA input match; tuning alternative: DNP.","1"
"C60","68u","","","","","${EXCLUDE_FROM_POS_FILES}","","Panasonic","EEF-LR0J680R","https://www.mouser.com/ProductDetail/Panasonic/EEF-LR0J680R?qs=8FpcGrFpUlHucaPrCq%252BIKw%3D%3D","https://industrial.panasonic.com/ww/products/pt/sp-cap/models/EEFLR0J680R","Polarized Panasonic LR three-terminal SP-Cap; schematic pin 1/+ = +5V_SYS and pin 2/- = GND. Custom layout footprint shall use positive pad 1 and both negative terminals numbered 2.","1"
"C61,C63","1000p","","","","","${EXCLUDE_FROM_POS_FILES}","Capacitor_SMD:C_0402_1005Metric","Murata","GRM1555C1H102JA01D","https://www.mouser.com/ProductDetail/Murata-Electronics/GRM1555C1H102JA01D?qs=%2FOTtAhf8R8ZL4biNptvoUQ%3D%3D","https://pim.murata.com/en-global/pim/details/?partNum=GRM1555C1H102JA01D","N/A","2"
"C64,C65","22p","","","","","${EXCLUDE_FROM_POS_FILES}","Capacitor_SMD:C_0402_1005Metric","Murata,Murata Electronics","GJM1555C1H220JB01D","https://eu.mouser.com/en/ProductDetail/Murata-Electronics/GJM1555C1H220JB01D?qs=ui%252B2d9lVEI64W8lf%252BVCFeg%3D%3D","https://pim.murata.com/asset/pim4/ceramicCapacitorSMD/GJM1555C1H220JB01-01A-EN_PDF_CERAMICCAPACITORSMD","N/A","2"
"C66","6p8","","","","","${EXCLUDE_FROM_POS_FILES}","Capacitor_SMD:C_0402_1005Metric","Murata Electronics","GJM1555C1H6R8CB01D","https://eu.mouser.com/en/ProductDetail/Murata-Electronics/GJM1555C1H6R8CB01D?qs=bLbp11H6V%252Bb6tVvE62QeIg%3D%3D","https://eu.mouser.com/datasheet/3/76/1/GJM1555C1H6R8CB01-01A.pdf","Rev-A initial fitted value; finalize with L36 by VNA and harmonic testing.","1"
"C67,C75","4p7","","","","","${EXCLUDE_FROM_POS_FILES}","Capacitor_SMD:C_0402_1005Metric","Murata","GJM1555C1H4R7BB01D","https://www.mouser.com/en/ProductDetail/Murata-Electronics/GJM1555C1H4R7BB01D?qs=Qf9gV6gYIayum3lGtz9y0A%3D%3D","https://pim.murata.com/asset/pim4/ceramicCapacitorSMD/GJM1555C1H4R7BB01-01A-EN_PDF_CERAMICCAPACITORSMD","Rev-A initial fitted value; finalize by VNA/harmonic testing.","2"
"C68","15p","","","","","${EXCLUDE_FROM_POS_FILES}","Capacitor_SMD:C_0402_1005Metric","Murata","GJM1555C1H150JB01D","https://www.mouser.com/en/ProductDetail/Murata-Electronics/GJM1555C1H150JB01D?qs=a0pwrXwGanj7wlRhnCU%252Bug%3D%3D","https://www.mouser.co.uk/datasheet/3/76/1/GJM1555C1H150JB01-01A.pdf","Rev-A initial fitted value; finalize by VNA/harmonic testing.","1"
"C69","13p","","","","","${EXCLUDE_FROM_POS_FILES}","Capacitor_SMD:C_0402_1005Metric","Murata","GJM1555C1H130JB01D","https://www.mouser.com/en/ProductDetail/Murata-Electronics/GJM1555C1H130JB01D?qs=p6VZ%252BklCkRQOKU4cxUcomw%3D%3D","https://www.mouser.com/datasheet/3/76/4/GJM1555C1H130JB01_01A.pdf","Rev-A initial fitted value; finalize by VNA/harmonic testing.","1"
"C70","3p3","","","","","${EXCLUDE_FROM_POS_FILES}","Capacitor_SMD:C_0402_1005Metric","Murata","GJM1555C1H3R3BB01D","https://www.mouser.com/en/ProductDetail/Murata-Electronics/GJM1555C1H3R3BB01D?qs=WAC57EmtdA%252BfB6vEz6dV1A%3D%3D","https://www.mouser.com/datasheet/3/76/4/GJM1555C1H3R3BB01_01A.pdf","Rev-A initial fitted value; finalize by VNA/harmonic testing.","1"
"C71","11p","","","","","${EXCLUDE_FROM_POS_FILES}","Capacitor_SMD:C_0402_1005Metric","Murata","GJM1555C1H110JB01D","https://www.mouser.com/en/ProductDetail/Murata-Electronics/GJM1555C1H110JB01D?qs=p6VZ%252BklCkRRx4sG%2Fykr5dQ%3D%3D","https://www.mouser.com/datasheet/3/76/2/GJM1555C1H110JB01_01A.pdf","Rev-A initial fitted value; finalize by VNA/harmonic testing.","1"
"C72","9p1","","","","","${EXCLUDE_FROM_POS_FILES}","Capacitor_SMD:C_0402_1005Metric","Murata","GJM1555C1H9R1DB01D","https://www.mouser.com/en/ProductDetail/Murata-Electronics/GJM1555C1H9R1DB01D?qs=563MOeNa05JIr1ovWebPcA%3D%3D","https://pim.murata.com/asset/pim4/ceramicCapacitorSMD/GJM1555C1H9R1DB01-01A-EN_PDF_CERAMICCAPACITORSMD","Rev-A initial fitted value; finalize by VNA/harmonic testing.","1"
"C73","1p8","","","","","${EXCLUDE_FROM_POS_FILES}","Capacitor_SMD:C_0402_1005Metric","Murata","GJM1555C1H1R8BB01D","https://www.mouser.com/en/ProductDetail/Murata-Electronics/GJM1555C1H1R8BB01D?qs=uMOEPI8dpz3WIjWI0mj0rg%3D%3D","https://www.mouser.com/datasheet/3/76/1/GJM1555C1H1R8BB01_01A.pdf","Rev-A initial fitted value; finalize by VNA/harmonic testing.","1"
"C74","5p6","","","","","${EXCLUDE_FROM_POS_FILES}","Capacitor_SMD:C_0402_1005Metric","Murata","GJM1555C1H5R6BB01D","https://www.mouser.com/en/ProductDetail/Murata-Electronics/GJM1555C1H5R6BB01D?qs=Er06SXQpt%252B61VPMQL%252BpEbg%3D%3D","https://www.murata.com/en-global/products/capacitor/ceramiccapacitor/overview/lineup/smd/gjm","Rev-A initial fitted value; finalize by VNA/harmonic testing.","1"
"C78,C114,C140","0p6","","","","","${EXCLUDE_FROM_POS_FILES}","Capacitor_SMD:C_0402_1005Metric","Murata","GJM1555C1HR60BB01D","https://www.mouser.com/ProductDetail/Murata-Electronics/GJM1555C1HR60BB01D?qs=YLLXL5qGyDvwV5XNlN8wXg%3D%3D","https://pim.murata.com/en-global/pim/details/?partNum=GJM1555C1HR60BB01D","N/A","3"
"C91,C109,C145","NM","DNP","","","","${EXCLUDE_FROM_POS_FILES}","Capacitor_SMD:C_0402_1005Metric","DNP","N/A","N/A","https://www.murata.com/en-global/products/capacitor/ceramiccapacitor/overview/lineup/smd/gjm","DNP; tuning pads retained.","3"
"C92,C110,C146","1p2","","","","","${EXCLUDE_FROM_POS_FILES}","Capacitor_SMD:C_0402_1005Metric","Murata","GJM1555C1H1R2BB01D","https://www.mouser.com/ProductDetail/Murata-Electronics/GJM1555C1H1R2BB01D?qs=jFYifRxgN9hGz46HvGskaw%3D%3D","https://pim.murata.com/en-global/pim/details/?partNum=GJM1555C1H1R2BB01D","N/A","3"
"C96","1p5","","","","","${EXCLUDE_FROM_POS_FILES}","Capacitor_SMD:C_0402_1005Metric","Murata","GJM1555C1H1R5BB01D","https://www.mouser.com/ProductDetail/Murata-Electronics/GJM1555C1H1R5BB01D?qs=a0pwrXwGaniRHm6o1K7wmA%3D%3D","https://pim.murata.com/en-global/pim/details/?partNum=GJM1555C1H1R5BB01D","N/A","1"
"C101","1n","","","","","${EXCLUDE_FROM_POS_FILES}","Capacitor_SMD:C_0402_1005Metric","Murata","GRM1555C1H102JA01D","https://www.mouser.com/ProductDetail/Murata-Electronics/GRM1555C1H102JA01D?qs=%2FOTtAhf8R8ZL4biNptvoUQ%3D%3D","https://pim.murata.com/en-global/pim/details/?partNum=GRM1555C1H102JA01D","N/A","1"
"C151,C152,C243,C249","100p","","","","","${EXCLUDE_FROM_POS_FILES}","Capacitor_SMD:C_0603_1608Metric","Murata","GRM1885C1H101JA01D","https://www.mouser.com/ProductDetail/Murata-Electronics/GRM1885C1H101JA01D?qs=H3lwsW1hsDt1I4guwPQ00A%3D%3D","https://pim.murata.com/en-global/pim/details/?partNum=GRM1885C1H101JA01D","N/A","4"
"C160","4n7","","","","","${EXCLUDE_FROM_POS_FILES}","Capacitor_SMD:C_0603_1608Metric","Murata","GRM1885C1H472JA01D","https://www.mouser.com/ProductDetail/Murata-Electronics/GRM1885C1H472JA01D?qs=e4Xae8FWUKn%2FMRcWxYvfaQ%3D%3D","https://pim.murata.com/en-global/pim/details/?partNum=GRM1885C1H472JA01D","N/A","1"
"C173,C174,C205","10n","","","","","${EXCLUDE_FROM_POS_FILES}","Capacitor_SMD:C_0603_1608Metric","Murata","GRM188R71C103KA01D","https://www.mouser.com/ProductDetail/Murata-Electronics/GRM188R71C103KA01D?qs=NqI629o6baBlIx9ASUr9BQ%3D%3D","https://pim.murata.com/en-global/pim/details/?partNum=GRM188R71C103KA01D","N/A","3"
"C179","11mF","","","","","${EXCLUDE_FROM_POS_FILES}","","Seiko Instruments","CPH3225A","https://www.mouser.com/ProductDetail/Seiko-Semiconductors/CPH3225A?qs=3etwrb1wR%252BhUOph6lAO7eg%3D%3D","https://www.sii.co.jp/en/me/datasheets/chip-capacitor/cph3225a/","Polarized EDLC; preserve pin-1/+ orientation ","1"
"C183","220n","","","","","${EXCLUDE_FROM_POS_FILES}","Capacitor_SMD:C_0402_1005Metric","Murata","GRM155R71A224KE01D","https://www.mouser.com/ProductDetail/Murata-Electronics/GRM155R71A224KE01D?qs=hNud%2FORuBR0TVQaPIZxsqw%3D%3D","https://pim.murata.com/en-global/pim/details/?partNum=GRM155R71A224KE01D","N/A","1"
"C185,C188,C191","4n7","","","","","${EXCLUDE_FROM_POS_FILES}","Capacitor_SMD:C_0402_1005Metric","Murata","GRM1555C1H472JE01D","https://eu.mouser.com/en/ProductDetail/Murata-Electronics/GRM1555C1H472JE01D?qs=d0WKAl%252BL4Kb71P3JVuZTPA%3D%3D","https://eu.mouser.com/datasheet/3/76/2/GRM1555C1H472JE01_01A.pdf","Exact Rev-A fitted C0G capacitor; no substitution without RF revalidation.","3"
"C194,C197,C199,C201,C202","2p","","","","","${EXCLUDE_FROM_POS_FILES}","Capacitor_SMD:C_0402_1005Metric","Murata","GJM1555C1H2R0BB01D","https://www.mouser.com/ProductDetail/Murata-Electronics/GJM1555C1H2R0BB01D?qs=fOe5G3t%252BQHqBllXqhVoZLQ%3D%3D","https://pim.murata.com/en-global/pim/details/?partNum=GJM1555C1H2R0BB01D","N/A","5"
"C198,C200","NM","DNP","","","","${EXCLUDE_FROM_POS_FILES}","Capacitor_SMD:C_0402_1005Metric","N/A","N/A","N/A","https://www.murata.com/en-global/products/capacitor/ceramiccapacitor/overview/lineup/smd/gjm","Rev-A DNP; UWB shunt-tuning position; fit only after VNA measurement.","2"
"C213,C223","47p","DNP","","","","${EXCLUDE_FROM_POS_FILES}","Capacitor_SMD:C_0603_1608Metric","Murata","GRM1885C1H470JA01D","https://www.mouser.com/ProductDetail/Murata-Electronics/GRM1885C1H470JA01D?qs=O9uLJ8zUlXh5RYe7VRRgug%3D%3D","https://pim.murata.com/en-global/pim/details/?partNum=GRM1885C1H470JA01D","Rev-A DNP; LF resonance trim option; populate only after measuring the assembled coil","2"
"C214,C224","100p","DNP","","","","${EXCLUDE_FROM_POS_FILES}","Capacitor_SMD:C_0603_1608Metric","Murata","GRM1885C1H101JA01D","https://www.mouser.com/ProductDetail/Murata-Electronics/GRM1885C1H101JA01D?qs=H3lwsW1hsDt1I4guwPQ00A%3D%3D","https://pim.murata.com/en-global/pim/details/?partNum=GRM1885C1H101JA01D","Rev-A DNP; LF resonance trim option; populate only after measuring the assembled coil","2"
"C215,C225","220p","DNP","","","","${EXCLUDE_FROM_POS_FILES}","Capacitor_SMD:C_0603_1608Metric","Murata","GRM1885C1H221JA01D","https://www.mouser.com/ProductDetail/Murata-Electronics/GRM1885C1H221JA01D?qs=wkTplMQEP5E5DEUKvrPh1w%3D%3D","https://pim.murata.com/en-global/pim/details/?partNum=GRM1885C1H221JA01D","Rev-A DNP; LF resonance trim option; populate only after measuring the assembled coil","2"
"C216,C218,C227,C229","220p","","","","","${EXCLUDE_FROM_POS_FILES}","Capacitor_SMD:C_0603_1608Metric","Murata","GRM1885C1H221JA01D","https://www.mouser.com/ProductDetail/Murata-Electronics/GRM1885C1H221JA01D?qs=wkTplMQEP5E5DEUKvrPh1w%3D%3D","https://pim.murata.com/en-global/pim/details/?partNum=GRM1885C1H221JA01D","N/A","4"
"C217,C228","3n3","","","","","${EXCLUDE_FROM_POS_FILES}","Capacitor_SMD:C_0603_1608Metric","Murata","GRM1885C1H332JA01D","https://www.mouser.com/ProductDetail/Murata-Electronics/GRM1885C1H332JA01D?qs=Y0gyZw6qHXc%2F44YlKMSasA%3D%3D","https://pim.murata.com/en-global/pim/details/?partNum=GRM1885C1H332JA01D","N/A","2"
"C235,C236","12p","DNP","","","","${EXCLUDE_FROM_POS_FILES}","Capacitor_SMD:C_0603_1608Metric","Murata","GRM1885C1H120JA01D","https://www.mouser.com/en/ProductDetail/Murata-Electronics/GRM1885C1H120JA01D?qs=NzQljXc1BjJ0QWN%2FYyLh1A%3D%3D","https://pim.murata.com/en-global/pim/details/?partNum=GRM1885C1H120JA01D","Rev-A DNP; optional PN7160 low-power field-detection coupling; fit both together only if required.","2"
"C239,C245","330p","","","","","${EXCLUDE_FROM_POS_FILES}","Capacitor_SMD:C_0603_1608Metric","Murata","GRM1885C1H331JA01D","https://www.mouser.com/ProductDetail/Murata-Electronics/GRM1885C1H331JA01D?qs=DiwnqUvG%2FIUYCCwNVhuo3w%3D%3D","https://pim.murata.com/en-global/pim/details/?partNum=GRM1885C1H331JA01D","N/A","2"
"C240,C242,C244,C246,C248,C250","NM","DNP","","","","${EXCLUDE_FROM_POS_FILES}","Capacitor_SMD:C_0603_1608Metric","DNP","N/A","N/A","https://www.murata.com/en-global/products/capacitor/ceramiccapacitor/overview/lineup/smd/grm","Rev-A DNP; optional NFC matching trim; fit only after antenna measurement.","6"
"C241,C247","68p","","","","","${EXCLUDE_FROM_POS_FILES}","Capacitor_SMD:C_0603_1608Metric","Murata","GRM1885C1H680JA01D","https://www.mouser.com/ProductDetail/Murata-Electronics/GRM1885C1H680JA01D?qs=AltDASTWtMq9uMROk9HzHA%3D%3D","https://pim.murata.com/en-global/pim/details/?partNum=GRM1885C1H680JA01D","N/A","2"
"C253,C254","15p","","","","","${EXCLUDE_FROM_POS_FILES}","Capacitor_SMD:C_0603_1608Metric","Murata","GRM1885C1H150JA01D","https://www.mouser.com/ProductDetail/Murata-Electronics/GRM1885C1H150JA01D?qs=ypZ4AbmluZj4AM%2FOQHMZww%3D%3D","https://pim.murata.com/en-global/pim/details/?partNum=GRM1885C1H150JA01D","N/A","2"
"C257,C258","DNP","DNP","","","","${EXCLUDE_FROM_POS_FILES}","Capacitor_SMD:C_0402_1005Metric","N/A","N/A","N/A","https://www.murata.com/en-global/products/capacitor/ceramiccapacitor/overview/lineup/smd/gjm","Rev-A DNP; UWB shunt-tuning position; fit only after VNA measurement.","2"
"D1,D3","PESD5V0F1BRSF","","","","","${EXCLUDE_FROM_POS_FILES}","Diode_SMD:Nexperia_DSN0603-2_0.6x0.3mm_P0.4mm","Nexperia","PESD5V0F1BRSFYL","https://www.digikey.com/en/products/detail/nexperia-usa-inc/PESD5V0F1BRSFYL/4289732","https://assets.nexperia.com/documents/data-sheet/PESD5V0F1BRSF.pdf","PCBWay: source exact DSN0603-2 part; no package change.","2"
"D2","RCLAMP2451ZA","","","","","${EXCLUDE_FROM_POS_FILES}","","Semtech","RCLAMP2451ZATFT","https://www.mouser.com/ProductDetail/Semtech/RCLAMP2451ZATFT?qs=rBWM4%252BvDhIel2swgnRTQsw%3D%3D","https://www.semtech.com/products/circuit-protection/low-capacitance/rclamp2451za","Custom SLP0603P2X3F footprint required.","1"
"D4,D5","TPD1E10B06","","","","","${EXCLUDE_FROM_POS_FILES}","Package_SON:Texas_DPY0002A_0.6x1mm_P0.65mm","Texas Instruments","TPD1E10B06DPYR","https://www.mouser.com/ProductDetail/Texas-Instruments/TPD1E10B06DPYR?qs=UFc95S4Z4CaJYpQ4xqTc0g%3D%3D","https://www.ti.com/lit/ds/symlink/tpd1e10b06.pdf","N/A","2"
"D6","NUP2105L","","","","","${EXCLUDE_FROM_POS_FILES}","Package_TO_SOT_SMD:SOT-23","onsemi","NUP2105LT1G","https://www.mouser.com/ProductDetail/onsemi/NUP2105LT1G?qs=ZXBb0xZ9WeDHmiHN%252BYKtYA%3D%3D","https://www.onsemi.com/pdf/datasheet/nup2105l-d.pdf","N/A","1"
"D7,D11,D12,D13","LED","","","","","${EXCLUDE_FROM_POS_FILES}","LED_SMD:LED_0603_1608Metric","Lite-On","LTST-C190KRKT","https://www.mouser.com/ProductDetail/LITEON/LTST-C190KRKT?qs=kAD5fFa1n5VY3YYNWPC1Fg%3D%3D","https://optoelectronics.liteon.com/upload/download/DS22-2000-076/LTST-C190KRKT.pdf","N/A","4"
"D8,D9,D10","WS2812B","","","","","${EXCLUDE_FROM_POS_FILES}","LED_SMD:LED_WS2812B_PLCC4_5.0x5.0mm_P3.2mm","Worldsemi","WS2812B-B/W","https://www.lcsc.com/product-detail/C114586.html","https://cdn-shop.adafruit.com/datasheets/WS2812B.pdf","PCBWay source exact genuine WS2812B-B/W.","3"
"D14","BAV116WS","","","","","${EXCLUDE_FROM_POS_FILES}","Diode_SMD:D_SOD-323","Diodes Incorporated","BAV116WS-7","https://www.mouser.com/ProductDetail/Diodes-Incorporated/BAV116WS-7?qs=icAhCOE9TbhcgJgknCRIgw%3D%3D","https://www.diodes.com/assets/Datasheets/BAV116W.pdf","N/A","1"
"D15","RClamp2451ZA","","","","","${EXCLUDE_FROM_POS_FILES}","","Semtech","RCLAMP2451ZATFT","https://www.mouser.com/ProductDetail/Semtech/RCLAMP2451ZATFT?qs=rBWM4%252BvDhIel2swgnRTQsw%3D%3D","https://www.semtech.com/products/circuit-protection/low-capacitance/rclamp2451za","Custom SLP0603P2X3F footprint required.","1"
"DS1","S020BQ01HN","","","Excluded from board","","${EXCLUDE_FROM_POS_FILES}","","CDTech","S020BQ01HN","https://www.cdtech-display.com/products/2-0-st7789-ips-lcd-display-240x320-580-nits-4-wire-spi/","https://www.cdtech-display.com/wp-content/uploads/2025/05/S020BQ01HN-V2.0-Specification.pdf","Exact off-board S020BQ01HN display; 12-pin 0.5 mm FPC; pinout verified against CDTech specification V2.0; mates J10 bottom-contact ZIF connector.","1"
"FB1,FB2,FB3,FB4,FB5,FB6","600 Ω @ 100 MHz","","","","","${EXCLUDE_FROM_POS_FILES}","Inductor_SMD:L_0402_1005Metric","Murata","BLM15AG601SN1D","https://www.mouser.com/ProductDetail/Murata-Electronics/BLM15AG601SN1D?qs=%2FjCH2pcB5WLSIF5DG9Nbqw%3D%3D","https://pim.murata.com/en-global/pim/details/?partNum=BLM15AG601SN1D","300 mA rated bead; adequate for the CC1101, Si4463 and LNA supply branches; not for a PA supply path.","6"
"FB8","BLM15PX330SN1D","","","","","${EXCLUDE_FROM_POS_FILES}","Inductor_SMD:L_0402_1005Metric","Murata","BLM15PX330SN1D","https://www.mouser.com/ProductDetail/Murata-Electronics/BLM15PX330SN1D?qs=eTNEoJdcnEIaTZIPLYO3Ag%3D%3D","https://pim.murata.com/en-us/pim/details/?partNum=BLM15PX330SN1D","33 Ω @ 100 MHz","1"
"FL2,FL9,FL12","B39321B3722U410","","","","","${EXCLUDE_FROM_POS_FILES}","Filter:Filter_SAW_Epcos_DCC6C_3x3mm","TDK/EPCOS","B39321B3722U410","https://www.mouser.com/ProductDetail/RF360/B39321B3722U410?qs=IZvDGngzxm0rhXkBXpP0BQ%3D%3D","https://product.tdk.com/en/search/rf/rf/saw-filter/info?part_no=B39321B3722U410","N/A","3"
"FL3,FL8,FL11","B39431B3710U410","","","","","${EXCLUDE_FROM_POS_FILES}","Filter:Filter_SAW_Epcos_DCC6C_3x3mm","TDK/EPCOS","B39431B3710U410","https://www.mouser.com/ProductDetail/RF360/B39431B3710U410?qs=hkeJtpWWodAvZBWtdUV7AQ%3D%3D","https://product.tdk.com/en/search/rf/rf/saw-filter/info?part_no=B39431B3710U410","N/A","3"
"FL4,FL7,FL10","B39871B3725U410","","","","","${EXCLUDE_FROM_POS_FILES}","Filter:Filter_SAW_Epcos_DCC6C_3x3mm","TDK/EPCOS","B39871B3725U410","https://www.mouser.com/ProductDetail/RF360/B39871B3725U410?qs=7N3YgXRJ4GWPI04hgOE6xw%3D%3D","https://product.tdk.com/en/search/rf/rf/saw-filter/info?part_no=B39871B3725U410","N/A","3"
"J1","S3B-PH-SM4-TB(LF)(SN)","","","","","${EXCLUDE_FROM_POS_FILES}","Connector_JST:JST_PH_S3B-PH-SM4-TB_1x03-1MP_P2.00mm_Horizontal","JST Commercial","S3B-PH-SM4-TB(LF)(SN)","https://eu.mouser.com/en/ProductDetail/JST-Commercial/S3B-PH-SM4-TBLFSN?qs=QpmGXVUTftEdG5wplZaokQ%3D%3D","https://www.jst-mfg.com/product/index.php?series=199&lang=2","Rev-A PCB pinout verified: pin 1 BAT+, pin 2 10k NTC, pin 3 GND. Mates JST PHR-3 using SPH-002T-P0.5S contacts. PROCUREMENT HOLD: battery supplier drawing/sample must confirm cavity order 1=red BAT+, 2=yellow NTC, 3=black GND before purchase.","1"
"J2","M50-3530542","","","","","${EXCLUDE_FROM_POS_FILES}","Connector_PinHeader_1.27mm:PinHeader_1x05_P1.27mm_Vertical","Harwin","M50-3530542","https://eu.mouser.com/en/ProductDetail/Harwin/M50-3530542?qs=%252BdQmOuGyFcHDSISYjHIhxg%3D%3D","https://www.harwin.com/products/M50-3530542","Rev-A fitted RP2350 SWD connector. Pin 1 SWCLK, pin 2 GND, pin 3 SWDIO, pin 4 +3V3, pin 5 RUN. Unpolarized connector—provide a clear pin-1 silkscreen marker.","1"
"J3","SMA4","","","","","${EXCLUDE_FROM_POS_FILES}","Connector_Coaxial:SMA_Amphenol_132289_EdgeMount","Amphenol RF","132289","https://www.mouser.com/ProductDetail/Amphenol-RF/132289?qs=nhkRCwpTkeb9ti20UXE5Cg%3D%3D","https://www.amphenolrf.com/en-us/part/132289/1030/","Manual/post-reflow SMA assembly.","1"
"J4","SMA1_CH-A_50R","","","","","${EXCLUDE_FROM_POS_FILES}","Connector_Coaxial:SMA_Amphenol_132289_EdgeMount","Amphenol RF","132289","https://www.mouser.com/ProductDetail/Amphenol-RF/132289?qs=nhkRCwpTkeb9ti20UXE5Cg%3D%3D","https://www.amphenolrf.com/en-us/part/132289/1030/","Manual/post-reflow SMA assembly.","1"
"J5","SMA2_CH-B_50R","","","","","${EXCLUDE_FROM_POS_FILES}","Connector_Coaxial:SMA_Amphenol_132289_EdgeMount","Amphenol RF","132289","https://www.mouser.com/ProductDetail/Amphenol-RF/132289?qs=nhkRCwpTkeb9ti20UXE5Cg%3D%3D","https://www.amphenolrf.com/en-us/part/132289/1030/","Manual/post-reflow SMA assembly.","1"
"J6","SMA3_CH-C_50R","","","","","${EXCLUDE_FROM_POS_FILES}","Connector_Coaxial:SMA_Amphenol_132289_EdgeMount","Amphenol RF","132289","https://www.mouser.com/ProductDetail/Amphenol-RF/132289?qs=nhkRCwpTkeb9ti20UXE5Cg%3D%3D","https://www.amphenolrf.com/en-us/part/132289/1030/","Manual/post-reflow SMA assembly.","1"
"J7","USB4085-GF-A_REVA4","","","","","${EXCLUDE_FROM_POS_FILES}","USB4085:GCT_USB4085-GF-A_REVA4","GCT","USB4085-GF-A","https://www.mouser.com/ProductDetail/GCT/USB4085-GF-A?qs=KUoIvG%2F9Ilba1bQOahfWjw%3D%3D","https://gct.co/connector/usb4085","PCBWay: inspect USB-C shell soldering.","1"
"J8","USB_A","","","","","${EXCLUDE_FROM_POS_FILES}","Connector_USB:USB_A_Molex_67643_Horizontal","Molex","67643-3910","https://www.mouser.com/ProductDetail/Molex/67643-3910?qs=x6EjVpvqMVPR04zsu4B0aw%3D%3D","https://www.molex.com/en-us/products/part-detail/676433910","PCBWay: manual/THT soldering likely.","1"
"J9","SM04B-GHS-TB(LF)(SN)","","","","","${EXCLUDE_FROM_POS_FILES}","Connector_JST:JST_GH_SM04B-GHS-TB_1x04-1MP_P1.25mm_Horizontal","JST","SM04B-GHS-TB(LF)(SN)","https://www.mouser.com/ProductDetail/JST-Commercial/SM04B-GHS-TBLFSN?qs=QpmGXVUTftGayLYZQBIuZw%3D%3D","https://www.jst-mfg.com/product/pdf/eng/eGH.pdf","Frozen Rev-A pinout: pin 1 NC, pin 2 CANH, pin 3 CANL, pin 4 GND. Mates GHR-04V-S. Fit three SSHL-002T-P0.2 contacts in cavities 2–4; cavity 1 remains empty.","1"
"J9C1,J9C2,J9C3","J9 female crimp contact","","","Excluded from board","","${EXCLUDE_FROM_POS_FILES}","","JST","SSHL-002T-P0.2","https://eu.mouser.com/en/ProductDetail/JST-Commercial/SSHL-002T-P0.2?qs=QpmGXVUTftFqcHd8IzS44Q%3D%3D","https://www.jst-mfg.com/product/index.php?series=105&lang=2","26–30 AWG female crimp contact for GHR-04V-S.","3"
"J9M1","J9 mating housing, 4-position","","","Excluded from board","","${EXCLUDE_FROM_POS_FILES}","","JST","GHR-04V-S","https://eu.mouser.com/en/ProductDetail/JST-Commercial/GHR-04V-S?qs=QpmGXVUTftH03s%252BzDgIkKA%3D%3D","https://www.jst-mfg.com/product/index.php?series=105&lang=2","Cable-side housing mating J9. Pin 1 NC, Pin 2 CANH, Pin 3 CANL, Pin 4 GND.","1"
"J10","FH12-12S-0.5SH(55)","","","","","${EXCLUDE_FROM_POS_FILES}","Connector_FFC-FPC:Hirose_FH12-12S-0.5SH_1x12-1MP_P0.50mm_Horizontal","Hirose","FH12-12S-0.5SH(55)","https://eu.mouser.com/en/ProductDetail/Hirose-Connector/FH12-12S-0.5SH55?qs=Ux3WWAnHpjA1i1nP49r1%2FQ%3D%3D","https://www.hirose.com/product/p/CL0586-0704-0-55","Verified CDTech-recommended connector for S020BQ01HN; bottom-contact ZIF; 12 positions; 0.5 mm pitch; 0.30 mm FPC; horizontal insertion.","1"
"J11","SM02B-GHS-TB(LF)(SN)","","","","","${EXCLUDE_FROM_POS_FILES}","Connector_JST:JST_GH_SM02B-GHS-TB_1x02-1MP_P1.25mm_Horizontal","JST","SM02B-GHS-TB(LF)(SN)","https://www.mouser.com/ProductDetail/JST-Commercial/SM02B-GHS-TBLFSN?qs=cdbOS8ANM9D2X2Ddb5%2Fjdw%3D%3D","https://www.jst-mfg.com/product/pdf/eng/eGH.pdf","Frozen Rev-A pinout: pin 1 HAPTIC_OUT_P/M+, pin 2 HAPTIC_OUT_N/M−. Mates GHR-02V-S using two SSHL-002T-P0.2 contacts; connects to C08-005 LRA.","1"
"J11C1,J11C2","J11 female crimp contact","","","Excluded from board","","${EXCLUDE_FROM_POS_FILES}","","JST","SSHL-002T-P0.2","https://eu.mouser.com/en/ProductDetail/JST-Commercial/SSHL-002T-P0.2?qs=QpmGXVUTftFqcHd8IzS44Q%3D%3D","https://www.jst-mfg.com/product/index.php?series=105&lang=2","26–30 AWG female crimp contact for GHR-02V-S.","2"
"J11M1","J11 mating housing, 2-position","","","Excluded from board","","${EXCLUDE_FROM_POS_FILES}","","JST","GHR-02V-S","https://eu.mouser.com/en/ProductDetail/JST-Commercial/GHR-02V-S?qs=QpmGXVUTftF1ZW%252BS%2FCXPSA%3D%3D","https://eu.mouser.com/datasheet/3/1070/1/eGH.pdf","Cable-side housing mating J11. Pin 1 M+, Pin 2 M−.","1"
"J12","Molex 104031-0811","","","","","${EXCLUDE_FROM_POS_FILES}","Connector_Card:microSD_HC_Molex_104031-0811","Molex","104031-0811","https://www.mouser.com/ProductDetail/Molex/104031-0811?qs=udsGRKD4nA3Tvy7wqky%252BuA%3D%3D","https://www.molex.com/en-us/products/part-detail/1040310811","N/A","1"
"J13","Conn_Coaxial","","","","","${EXCLUDE_FROM_POS_FILES}","Connector_Coaxial:U.FL_Hirose_U.FL-R-SMT-1_Vertical","Hirose","U.FL-R-SMT-1(10)","https://www.mouser.com/ProductDetail/Hirose-Connector/U.FL-R-SMT-110?qs=kL1ClTr6oBoOdtqlGQpQrQ%3D%3D","https://www.hirose.com/product/p/CL0331-0471-0-10","Inspect center-contact soldering.","1"
"L1","2u2","","","","","${EXCLUDE_FROM_POS_FILES}","Inductor_SMD:L_Wuerth_MAPI-4020","Wurth Elektronik","74438356022","https://www.mouser.com/ProductDetail/Wurth-Elektronik/74438356022?qs=E1W0Z3PUSadBx7Ht0918yA%3D%3D","https://www.we-online.com/components/products/datasheet/74438356022.pdf","Verify charger thermal and layout.","1"
"L2","0u47","","","","","${EXCLUDE_FROM_POS_FILES}","Inductor_SMD:L_Wuerth_MAPI-4020","Wurth Elektronik","744383560047HT","https://www.mouser.com/ProductDetail/Wurth-Elektronik/744383560047HT?qs=YwPsRIUVAOde%252BdAU9ObKDQ%3D%3D","https://www.we-online.com/components/products/datasheet/744383560047HT.pdf","Verify peak current and switching frequency.","1"
"L3","1u","","","","","${EXCLUDE_FROM_POS_FILES}","Inductor_SMD:L_Wuerth_HCI-5040","Wurth Elektronik","744316100","https://www.mouser.com/ProductDetail/Wurth-Elektronik/744316100?qs=%252B7BPNfeNhvUGKrgWBoCWwA%3D%3D","https://www.we-online.com/components/products/datasheet/744316100.pdf","Verify boost thermal and layout.","1"
"L4","3u3","","","","","${EXCLUDE_FROM_POS_FILES}","","Abracon","AOTA-B201610S3R3-101-T","https://www.mouser.com/ProductDetail/ABRACON/AOTA-B201610S3R3-101-T?qs=%252BXxaIXUDbq0IZvJW%2F2mv4w%3D%3D","https://abracon.com/Magnetics/power/AOTA-B201610S.pdf","Observe marked inductor orientation.","1"
"L5","20n","","","","","${EXCLUDE_FROM_POS_FILES}","Inductor_SMD:L_0402_1005Metric","Murata","LQG15WZ20NH02D","https://eu.mouser.com/en/ProductDetail/Murata-Electronics/LQG15WZ20NH02D?qs=rkhjVJ6%2F3EK6veKBJcreVQ%3D%3D","https://www.murata.com/en-global/products/inductor/chip/overview/lineup/lqg","","1"
"L6","24n","","","","","${EXCLUDE_FROM_POS_FILES}","Inductor_SMD:L_0402_1005Metric","Murata","LQG15WZ24NH02D","https://eu.mouser.com/en/ProductDetail/Murata-Electronics/LQG15WZ24NH02D?qs=rkhjVJ6%2F3EIiSVOLbKh2ow%3D%3D","https://www.murata.com/en-global/products/inductor/chip/overview/lineup/lqg","","1"
"L7","15n","","","","","${EXCLUDE_FROM_POS_FILES}","Inductor_SMD:L_0402_1005Metric","Murata","LQG15HS15NJ02D","https://www.mouser.com/ProductDetail/Murata-Electronics/LQG15HS15NJ02D?qs=HfwHrtDjQO8wTpQlC0e3%252BA%3D%3D","https://www.murata.com/en-global/products/inductor/chip/overview/lineup/lqg","N/A","1"
"L8","120n","","","","","${EXCLUDE_FROM_POS_FILES}","Inductor_SMD:L_0402_1005Metric","Murata","LQG15HSR12J02D","https://www.mouser.com/ProductDetail/Murata-Electronics/LQG15HSR12J02D?qs=SyvBE%2Fw%2F7wdhQYIFwDT2sg%3D%3D","https://www.murata.com/en-global/products/inductor/chip/overview/lineup/lqg","N/A","1"
"L9,L10","11n","","","","","${EXCLUDE_FROM_POS_FILES}","Inductor_SMD:L_0402_1005Metric","Murata","LQG15WZ11NH02D","https://eu.mouser.com/en/ProductDetail/Murata-Electronics/LQG15WZ11NH02D?qs=qkDYIeTQ%252BEm6lBYdHSkb%2FA%3D%3D","https://www.murata.com/en-global/products/inductor/chip/overview/lineup/lqg","","2"
"L11","9n1","","","","","${EXCLUDE_FROM_POS_FILES}","Inductor_SMD:L_0402_1005Metric","Murata","LQG15HH9N1J02D","https://eu.mouser.com/en/ProductDetail/Murata-Electronics/LQG15HH9N1J02D?qs=%2F%252BYoplLUB5i6LPO0Z4YLuQ%3D%3D","https://www.murata.com/en-global/products/inductor/chip/overview/lineup/lqg","","1"
"L12,L16,L18","3n3","","","","","${EXCLUDE_FROM_POS_FILES}","Inductor_SMD:L_0402_1005Metric","Murata","LQG15HS3N3S02D","https://www.mouser.com/ProductDetail/Murata-Electronics/LQG15HS3N3S02D?qs=ctz47l0uL1AsjFUyMRD%2FGA%3D%3D","https://www.murata.com/en-global/products/inductor/chip/overview/lineup/lqg","N/A","3"
"L13,L17,L19","6n8","","","","","${EXCLUDE_FROM_POS_FILES}","Inductor_SMD:L_0402_1005Metric","Murata","LQG15HH6N8J02D","https://eu.mouser.com/en/ProductDetail/Murata-Electronics/LQG15HH6N8J02D?qs=%2F%252BYoplLUB5hlv4ua7JFquA%3D%3D","https://www.murata.com/en-global/products/inductor/chip/overview/lineup/lqg","Exact Rev-A fitted RF inductor; no substitution without RF revalidation.","3"
"L14,L15,L23","68n","","","","","${EXCLUDE_FROM_POS_FILES}","Inductor_SMD:L_0402_1005Metric","Murata","LQG15HS68NJ02D","https://www.mouser.com/ProductDetail/Murata-Electronics/LQG15HS68NJ02D?qs=%252BvdzeT3otYvc8aHGlFkb4Q%3D%3D","https://www.murata.com/en-global/products/inductor/chip/overview/lineup/lqg","N/A","3"
"L20","5n1","","","","","${EXCLUDE_FROM_POS_FILES}","Inductor_SMD:L_0402_1005Metric","Murata","LQG15HS5N1S02D","https://www.mouser.com/ProductDetail/Murata-Electronics/LQG15HS5N1S02D?qs=iqM9vbVcCwjxsPxv84pCQQ%3D%3D","https://www.murata.com/en-global/products/inductor/chip/overview/lineup/lqg","N/A","1"
"L21","15u","","","","","${EXCLUDE_FROM_POS_FILES}","","Murata","LQH44PN150MPRL","https://www.mouser.com/ProductDetail/Murata-Electronics/LQH44PN150MPRL?qs=t7xnP681wgVNLMVwhYnKIg%3D%3D","https://pim.murata.com/en-global/pim/details/?partNum=LQH44PN150MPRL","1.1 A temperature-rise / 1.3 A saturation rating; adequate for the 455 mA TQP7M9106 PA bias.","1"
"L22","18n","","","","","${EXCLUDE_FROM_POS_FILES}","Inductor_SMD:L_1008_2520Metric","Abracon","AISC-1008HQ-18NJ-T","https://www.mouser.com/ProductDetail/ABRACON/AISC-1008HQ-18NJ-T?qs=73bO73rho2iAUy%2Fyb0lK8g%3D%3D","https://abracon.com/parametric/inductors/AISC-1008HQ-18NJ-T","PA bias choke. Coilcraft 1008HQ-18NXJLC is Qorvo-reference alternate; unavailable at Mouser.","1"
"L24","33n","","","","","${EXCLUDE_FROM_POS_FILES}","Inductor_SMD:L_0603_1608Metric","Murata","LQW18AN33NJ00D","https://www.mouser.com/en/ProductDetail/Murata-Electronics/LQW18AN33NJ00D?qs=kxvqxJXdJnbgGscnrtIV5w%3D%3D","https://www.murata.com/en-global/products/inductor/chip/overview/lineup/lqg","Rev-A initial fitted value; finalize by VNA/harmonic testing.","1"
"L25","39n","","","","","${EXCLUDE_FROM_POS_FILES}","Inductor_SMD:L_0603_1608Metric","Murata","LQW18AN39NJ00D","https://www.mouser.com/en/ProductDetail/Murata-Electronics/LQW18AN39NJ00D?qs=hKxK89fx60IHo7nNYHF%2FQw%3D%3D","https://www.murata.com/en-global/products/inductor/chip/overview/lineup/lqg","Rev-A initial fitted value; finalize by VNA/harmonic testing.","1"
"L26,L30","12n","","","","","${EXCLUDE_FROM_POS_FILES}","Inductor_SMD:L_0603_1608Metric","Murata","LQW18AN12NJ00D","https://www.mouser.com/en/ProductDetail/Murata-Electronics/LQW18AN12NJ00D?qs=a6NhTrN4IIKxxIWUKRNpWg%3D%3D","https://www.murata.com/en-global/products/inductor/chip/overview/lineup/lqg","Rev-A initial fitted value; finalize by VNA/harmonic testing.","2"
"L27","24n","","","","","${EXCLUDE_FROM_POS_FILES}","Inductor_SMD:L_0603_1608Metric","Murata","LQW18AN24NJ00D","https://www.mouser.com/en/ProductDetail/Murata-Electronics/LQW18AN24NJ00D?qs=DUiBgnZiRiY9RqhGGnA5DA%3D%3D","https://www.murata.com/en-global/products/inductor/chip/overview/lineup/lqg","Rev-A initial fitted value; finalize by VNA/harmonic testing.","1"
"L28","27n","","","","","${EXCLUDE_FROM_POS_FILES}","Inductor_SMD:L_0603_1608Metric","Murata","LQW18AN27NJ00D","https://www.mouser.com/en/ProductDetail/Murata-Electronics/LQW18AN27NJ00D?qs=DUiBgnZiRibaM%2FYjO7aStA%3D%3D","https://www.murata.com/en-global/products/inductor/chip/overview/lineup/lqg","Rev-A initial fitted value; finalize by VNA/harmonic testing.","1"
"L29","9n1","","","","","${EXCLUDE_FROM_POS_FILES}","Inductor_SMD:L_0603_1608Metric","Murata","LQW18AN9N1D00D","https://www.mouser.com/en/ProductDetail/Murata-Electronics/LQW18AN9N1D00D?qs=EPZCdHdMnYJMYfHLXCR5Dg%3D%3D","https://www.murata.com/en-global/products/inductor/chip/overview/lineup/lqg","Rev-A initial fitted value; finalize by VNA/harmonic testing.","1"
"L31","13n","","","","","${EXCLUDE_FROM_POS_FILES}","Inductor_SMD:L_0603_1608Metric","Murata","LQW18AN13NJ00D","https://www.mouser.com/en/ProductDetail/Murata-Electronics/LQW18AN13NJ00D?qs=a6NhTrN4IIKtp8PeROuqew%3D%3D","https://www.murata.com/en-global/products/inductor/chip/overview/lineup/lqg","Rev-A initial fitted value; finalize by VNA/harmonic testing.","1"
"L32","3n9","","","","","${EXCLUDE_FROM_POS_FILES}","Inductor_SMD:L_0603_1608Metric","Murata","LQW18AN3N9C00D","https://www.mouser.com/en/ProductDetail/Murata-Electronics/LQW18AN3N9C00D?qs=hKxK89fx60JeXB2bl382aw%3D%3D","https://www.mouser.com/datasheet/3/76/2/JELF243A_0024.pdf","Rev-A initial fitted value; finalize by VNA/harmonic testing.","1"
"L33","27n","","","","","${EXCLUDE_FROM_POS_FILES}","Inductor_SMD:L_0402_1005Metric","Murata","LQG15HS27NJ02D","https://www.mouser.com/ProductDetail/Murata-Electronics/LQG15HS27NJ02D?qs=ctz47l0uL1AbPpSO0oLF1A%3D%3D","https://www.murata.com/en-global/products/inductor/chip/overview/lineup/lqg","N/A","1"
"L34,L35","160n","","","","","${EXCLUDE_FROM_POS_FILES}","Inductor_SMD:L_0603_1608Metric","Murata","LQW18ANR16G00D","https://www.mouser.com/ProductDetail/Murata-Electronics/LQW18ANR16G00D?qs=up2IPS6mPfbMBXwHMMkQ9A%3D%3D","https://pim.murata.com/en-global/pim/details/?partNum=LQW18ANR16G00D","Confirm value after NFC antenna tuning.","2"
"L36","4n7","","","","","${EXCLUDE_FROM_POS_FILES}","Inductor_SMD:L_0402_1005Metric","Wurth Elektronik","744765047A","https://eu.mouser.com/en/ProductDetail/Wurth-Elektronik/744765047A?qs=MVRUG6Lt7nGZDr0rjBs3kw%3D%3D","https://www.we-online.com/components/products/datasheet/744765047A.pdf","N/A","1"
"L38,L39","422u","","","Excluded from board","","${EXCLUDE_FROM_POS_FILES}","","Custom","CUSTOM-LF-COIL-134K2-REV-A","N/A","N/A","Procurement hold—final coil after enclosure/VNA measurement","2"
"M1","C08-005 LRA, 235 Hz, 1.85 V max","","","Excluded from board","","${EXCLUDE_FROM_POS_FILES}","","Precision Microdrives","C08-005","https://www.precisionmicrodrives.com/products/32931431-4ed1-49ce-870b-5766169ee5c6/c08-005-8mm-coin-lra","https://www.precisionmicrodrives.com/products/32931431-4ed1-49ce-870b-5766169ee5c6/c08-005-8mm-coin-lra","Off-board part connected through J11.","1"
"Q1,Q2","MMBT3904","","","","","${EXCLUDE_FROM_POS_FILES}","Package_TO_SOT_SMD:SOT-23","onsemi","MMBT3904LT1G","https://www.mouser.com/ProductDetail/onsemi/MMBT3904LT1G?qs=HVbQlW5zcXUYZ2Fy0YF3FQ%3D%3D","https://www.onsemi.com/pdf/datasheet/mmbt3904lt1-d.pdf","N/A","2"
"Q3","DMN2075U-7","","","","","${EXCLUDE_FROM_POS_FILES}","Package_TO_SOT_SMD:SOT-23","Diodes Incorporated","DMN2075U-7","https://www.mouser.com/ProductDetail/Diodes-Incorporated/DMN2075U-7?qs=GWgl%252BsiMZr%252BLQCBjmnsPIw%3D%3D","https://www.diodes.com/assets/Datasheets/DMN2075U.pdf","N/A","1"
"R1,R3,R18,R19,R23,R32,R33,R35,R38,R42,R53,R55,R56,R58,R59,R61,R63,R64,R65,R66,R67,R68,R69,R70,R71,R72,R73,R74,R84,R89,R92,R93,R94,R95,R96,R97,R98,R99,R100,R110,R111,R112,R113,R119,R141","10k","","","","","${EXCLUDE_FROM_POS_FILES}","Resistor_SMD:R_0603_1608Metric","Yageo","RC0603FR-0710KL","https://www.mouser.com/ProductDetail/YAGEO/RC0603FR-0710KL?qs=grNVn54RoB%252B3GtjbJj3wJQ%3D%3D","https://www.yageo.com/upload/media/product/productsearch/datasheet/rchip/PYu-RC_Group_51_RoHS_L_11.pdf","N/A","45"
"R2","261R","","","","","${EXCLUDE_FROM_POS_FILES}","Resistor_SMD:R_0603_1608Metric","Yageo","AF0603FR-07261RL","https://www.mouser.com/en/ProductDetail/YAGEO/AF0603FR-07261RL?qs=fTsMJN6MUUvgnnbyDcPLcQ%3D%3D","https://www.yageo.com/upload/media/product/productsearch/datasheet/rchip/PYu-RC_Group_51_RoHS_L_11.pdf","","1"
"R4","5k23","","","","","${EXCLUDE_FROM_POS_FILES}","Resistor_SMD:R_0603_1608Metric","Yageo","RC0603FR-075K23L","https://eu.mouser.com/en/ProductDetail/YAGEO/RC0603FR-075K23L?qs=2cAdsCoAWRHkLnBdsnvrqA%3D%3D","https://www.yageo.com/upload/media/product/productsearch/datasheet/rchip/PYu-RC_Group_51_RoHS_L_11.pdf","N/A","1"
"R5","30k1","","","","","${EXCLUDE_FROM_POS_FILES}","Resistor_SMD:R_0603_1608Metric","Yageo","RC0603FR-0730K1L","https://eu.mouser.com/en/ProductDetail/YAGEO/RC0603FR-0730K1L?qs=diQw95jMAeNqRPOmLH1lOA%3D%3D","https://www.yageo.com/upload/media/product/productsearch/datasheet/rchip/PYu-RC_Group_51_RoHS_L_11.pdf","N/A","1"
"R6","121k","","","","","${EXCLUDE_FROM_POS_FILES}","Resistor_SMD:R_0603_1608Metric","Yageo","RC0603FR-07121KL","https://www.mouser.com/ProductDetail/YAGEO/RC0603FR-07121KL?qs=uM1JSSdPjOCPJQa1VpN6pQ%3D%3D","https://www.yageo.com/upload/media/product/productsearch/datasheet/rchip/PYu-RC_Group_51_RoHS_L_11.pdf","N/A","1"
"R7,R9,R12,R13,R15,R17,R43,R104,R120","100k","","","","","${EXCLUDE_FROM_POS_FILES}","Resistor_SMD:R_0603_1608Metric","Yageo","RC0603FR-07100KL","https://www.mouser.com/ProductDetail/YAGEO/RC0603FR-07100KL?qs=e1ok2LiJcmaihem8Va5%2Fsw%3D%3D","https://www.yageo.com/upload/media/product/productsearch/datasheet/rchip/PYu-RC_Group_51_RoHS_L_11.pdf","N/A","9"
"R8","232k","","","","","${EXCLUDE_FROM_POS_FILES}","Resistor_SMD:R_0603_1608Metric","Yageo","RC0603FR-07232KL","https://www.mouser.com/ProductDetail/YAGEO/RC0603FR-07232KL?qs=m6lXFsvg5e2MZpWsMPKYTA%3D%3D","https://www.yageo.com/upload/media/product/productsearch/datasheet/rchip/PYu-RC_Group_51_RoHS_L_11.pdf","N/A","1"
"R10","32k4","","","","","${EXCLUDE_FROM_POS_FILES}","Resistor_SMD:R_0603_1608Metric","Yageo","RC0603FR-0732K4L","https://www.mouser.co.il/en/ProductDetail/YAGEO/RC0603FR-0732K4L?qs=diQw95jMAeOzci0KQtjY%252BA%3D%3D","https://www.yageo.com/upload/media/product/productsearch/datasheet/rchip/PYu-RC_Group_51_RoHS_L_11.pdf","","1"
"R11","40k2","","","","","${EXCLUDE_FROM_POS_FILES}","Resistor_SMD:R_0603_1608Metric","Yageo","RC0603FR-0740K2L","https://www.mouser.com/ProductDetail/YAGEO/RC0603FR-0740K2L?qs=gt6vzsuosg206K5ISyzO4g%3D%3D","https://www.yageo.com/upload/media/product/productsearch/datasheet/rchip/PYu-RC_Group_51_RoHS_L_11.pdf","N/A","1"
"R14","43k2","","","","","${EXCLUDE_FROM_POS_FILES}","Resistor_SMD:R_0603_1608Metric","Yageo","RC0603FR-0743K2L","https://www.mouser.com/ProductDetail/YAGEO/RC0603FR-0743K2L?qs=gt6vzsuosg0NtWDhtswEMw%3D%3D","https://www.yageo.com/upload/media/product/productsearch/datasheet/rchip/PYu-RC_Group_51_RoHS_L_11.pdf","N/A","1"
"R16","732k","","","","","${EXCLUDE_FROM_POS_FILES}","Resistor_SMD:R_0603_1608Metric","Yageo","RC0603FR-07732KL","https://www.mouser.com/ProductDetail/YAGEO/RC0603FR-07732KL?qs=EiqXWrxQq63TxAQgX09o5A%3D%3D","https://www.yageo.com/upload/media/product/productsearch/datasheet/rchip/PYu-RC_Group_51_RoHS_L_11.pdf","N/A","1"
"R20,R21,R82,R83,R87,R88,R133,R134","2k2","","","","","${EXCLUDE_FROM_POS_FILES}","Resistor_SMD:R_0603_1608Metric","Yageo","RC0603FR-072K2L","https://www.mouser.com/ProductDetail/YAGEO/RC0603FR-072K2L?qs=diQw95jMAeOQmNpe2MM%252BPw%3D%3D","https://www.yageo.com/upload/media/product/productsearch/datasheet/rchip/PYu-RC_Group_51_RoHS_L_11.pdf","N/A","8"
"R22","499R","","","","","${EXCLUDE_FROM_POS_FILES}","Resistor_SMD:R_0603_1608Metric","Yageo","RC0603FR-07499RL","https://www.mouser.com/ProductDetail/YAGEO/RC0603FR-07499RL?qs=LKcSmNrnyY5DnGKoN1FFYQ%3D%3D","https://www.yageo.com/upload/media/product/productsearch/datasheet/rchip/PYu-RC_Group_51_RoHS_L_11.pdf","N/A","1"
"R24","33R","","","","","${EXCLUDE_FROM_POS_FILES}","Resistor_SMD:R_0603_1608Metric","Yageo","RC0603FR-0733RL","https://www.mouser.com/ProductDetail/YAGEO/RC0603FR-0733RL?qs=diQw95jMAeMotgif2GSHTQ%3D%3D","https://www.yageo.com/upload/media/product/productsearch/datasheet/rchip/PYu-RC_Group_51_RoHS_L_11.pdf","N/A","1"
"R25,R28,R29,R34,R39,R76,R78,R81,R121,R122","1k","","","","","${EXCLUDE_FROM_POS_FILES}","Resistor_SMD:R_0603_1608Metric","Yageo","RC0603FR-071KL","https://www.mouser.com/ProductDetail/Yageo/RC0603FR-071KL?qs=VU8sRB4EgwApHsk4rF%2F3zg%3D%3D","https://www.yageo.com/upload/media/product/productsearch/datasheet/rchip/PYu-RC_Group_51_RoHS_L_11.pdf","N/A","10"
"R26,R27","27R","","","","","${EXCLUDE_FROM_POS_FILES}","Resistor_SMD:R_0603_1608Metric","Yageo","RC0603FR-0727RL","https://www.mouser.com/ProductDetail/YAGEO/RC0603FR-0727RL?qs=diQw95jMAeO47ApX1%252BkY5g%3D%3D","https://www.yageo.com/upload/media/product/productsearch/datasheet/rchip/PYu-RC_Group_51_RoHS_L_11.pdf","N/A","2"
"R30,R37,R45,R49,R50,R60,R62,R114,R115,R116,R117,R139","0R","","","","","${EXCLUDE_FROM_POS_FILES}","Resistor_SMD:R_0603_1608Metric","Yageo","RC0603JR-070RL","https://www.mouser.com/ProductDetail/YAGEO/RC0603JR-070RL?qs=2cAdsCoAWRGWyPcuXgGiXQ%3D%3D","https://www.yageo.com/upload/media/product/productsearch/datasheet/rchip/PYu-RC_Group_51_RoHS_L_11.pdf","N/A","12"
"R31","10k","DNP","","","","${EXCLUDE_FROM_POS_FILES}","Resistor_SMD:R_0603_1608Metric","Yageo","RC0603FR-0710KL","https://www.mouser.com/ProductDetail/YAGEO/RC0603FR-0710KL?qs=grNVn54RoB%252B3GtjbJj3wJQ%3D%3D","https://www.yageo.com/upload/media/product/productsearch/datasheet/rchip/PYu-RC_Group_51_RoHS_L_11.pdf","Rev-A DNP; optional QSPI_SS pull-up footprint for alternate flash devices.","1"
"R36","1k5","","","","","${EXCLUDE_FROM_POS_FILES}","Resistor_SMD:R_0603_1608Metric","Yageo","RC0603FR-071K5L","https://www.mouser.com/ProductDetail/YAGEO/RC0603FR-071K5L?qs=VU8sRB4EgwBMt9nc4XGNgA%3D%3D","https://www.yageo.com/upload/media/product/productsearch/datasheet/rchip/PYu-RC_Group_51_RoHS_L_11.pdf","N/A","1"
"R40,R54,R57","56k","","","","","${EXCLUDE_FROM_POS_FILES}","Resistor_SMD:R_0603_1608Metric","Yageo","RC0603FR-0756KL","https://www.mouser.com/ProductDetail/YAGEO/RC0603FR-0756KL?qs=gt6vzsuosg2TemPyt%2FVaqg%3D%3D","https://www.yageo.com/upload/media/product/productsearch/datasheet/rchip/PYu-RC_Group_51_RoHS_L_11.pdf","N/A","3"
"R41","33k","","","","","${EXCLUDE_FROM_POS_FILES}","Resistor_SMD:R_0603_1608Metric","Yageo","RC0603FR-0733KL","https://www.mouser.com/ProductDetail/YAGEO/RC0603FR-0733KL?qs=diQw95jMAeNLVoelhsKx3w%3D%3D","https://www.yageo.com/upload/media/product/productsearch/datasheet/rchip/PYu-RC_Group_51_RoHS_L_11.pdf","N/A","1"
"R44,R48","280R","","","","","${EXCLUDE_FROM_POS_FILES}","Resistor_SMD:R_0603_1608Metric","Yageo","RC0603FR-07280RL","https://www.mouser.com/ProductDetail/YAGEO/RC0603FR-07280RL?qs=0yPvnVz5%2FmqNMjImGePj5g%3D%3D","https://www.yageo.com/upload/media/product/productsearch/datasheet/rchip/PYu-RC_Group_51_RoHS_L_11.pdf","N/A","2"
"R46","51R","","","","","${EXCLUDE_FROM_POS_FILES}","Resistor_SMD:R_0402_1005Metric","Yageo","RC0402FR-0751RL","https://eu.mouser.com/en/ProductDetail/YAGEO/RC0402FR-0751RL?qs=tJ7dZ%2FiRbl1ePfckivGc%252Bg%3D%3D","https://yageogroup.com/component-documentation/download/specsheet/RC0402FR-0751RL","Initial PA input match; tune on Rev-A.","1"
"R47","4R3","","","","","${EXCLUDE_FROM_POS_FILES}","Resistor_SMD:R_0402_1005Metric","Yageo","RC0402FR-074R3L","https://www.mouser.com/ProductDetail/YAGEO/RC0402FR-074R3L?qs=UOUeRUa%252B8WkwUAbNma6LIg%3D%3D","https://yageogroup.com/component-documentation/download/specsheet/RC0402FR-074R3L","Initial PA input damping/match; verify during Rev-A RF tuning","1"
"R51","0R","","","","","${EXCLUDE_FROM_POS_FILES}","Resistor_SMD:R_0805_2012Metric","Panasonic","ERJ-6GEY0R00V","https://www.mouser.com/ProductDetail/Panasonic/ERJ-6GEY0R00V?qs=tQNqqtTOejLLHbaWAzeH1w%3D%3D","https://industrial.panasonic.com/ww/products/pt/general-purpose-chip-resistors/models/ERJ6GEY0R00V","2 A rated jumper; suitable for PA supply.","1"
"R75,R77","5k1","","","","","${EXCLUDE_FROM_POS_FILES}","Resistor_SMD:R_0603_1608Metric","Yageo","RC0603FR-075K1L","https://www.mouser.com/ProductDetail/YAGEO/RC0603FR-075K1L?qs=gt6vzsuosg2jUUwxnI2PJQ%3D%3D","https://www.yageo.com/upload/media/product/productsearch/datasheet/rchip/PYu-RC_Group_51_RoHS_L_11.pdf","N/A","2"
"R79","22k1","","","","","${EXCLUDE_FROM_POS_FILES}","Resistor_SMD:R_0603_1608Metric","Yageo","RC0603FR-0722K1L","https://www.mouser.com/ProductDetail/YAGEO/RC0603FR-0722K1L?qs=VU8sRB4EgwD%252BVDyzl%252BNNAg%3D%3D","https://www.yageo.com/upload/media/product/productsearch/datasheet/rchip/PYu-RC_Group_51_RoHS_L_11.pdf","N/A","1"
"R80","47k5","","","","","${EXCLUDE_FROM_POS_FILES}","Resistor_SMD:R_0603_1608Metric","Yageo","RC0603FR-0747K5L","https://www.mouser.com/ProductDetail/YAGEO/RC0603FR-0747K5L?qs=gt6vzsuosg1%252Bk7pUJwAM9w%3D%3D","https://www.yageo.com/upload/media/product/productsearch/datasheet/rchip/PYu-RC_Group_51_RoHS_L_11.pdf","N/A","1"
"R85,R86","60R4","DNP","","","","${EXCLUDE_FROM_POS_FILES}","Resistor_SMD:R_0603_1608Metric","Yageo","RC0603FR-0760R4L","https://www.mouser.com/ProductDetail/YAGEO/RC0603FR-0760R4L?qs=ZELcmBmapfyHChvDoVbmRg%3D%3D","https://www.yageo.com/upload/media/product/productsearch/datasheet/rchip/PYu-RC_Group_51_RoHS_L_11.pdf","Rev-A DNP by default; fit both only when PCB is at a physical CAN-bus end.","2"
"R90,R123,R128","220R","","","","","${EXCLUDE_FROM_POS_FILES}","Resistor_SMD:R_0603_1608Metric","Yageo","RC0603FR-07220RL","https://www.mouser.com/ProductDetail/YAGEO/RC0603FR-07220RL?qs=VU8sRB4EgwA1IyQ0vhXEEw%3D%3D","https://www.yageo.com/upload/media/product/productsearch/datasheet/rchip/PYu-RC_Group_51_RoHS_L_11.pdf","N/A","3"
"R91","330R","","","","","${EXCLUDE_FROM_POS_FILES}","Resistor_SMD:R_0603_1608Metric","Yageo","RC0603FR-07330RL","https://www.mouser.com/ProductDetail/YAGEO/RC0603FR-07330RL?qs=diQw95jMAeN1335dAOzMfg%3D%3D","https://www.yageo.com/upload/media/product/productsearch/datasheet/rchip/PYu-RC_Group_51_RoHS_L_11.pdf","N/A","1"
"R101,R102,R103","100R","","","","","${EXCLUDE_FROM_POS_FILES}","Resistor_SMD:R_0603_1608Metric","Yageo","RC0603FR-07100RL","https://www.mouser.com/ProductDetail/YAGEO/RC0603FR-07100RL?qs=NEN%2FsE%2FLsvPIwIWKCOS4%2FA%3D%3D","https://www.yageo.com/upload/media/product/productsearch/datasheet/rchip/PYu-RC_Group_51_RoHS_L_11.pdf","N/A","3"
"R105","33R","","","","","${EXCLUDE_FROM_POS_FILES}","Resistor_SMD:R_1206_3216Metric","Panasonic","ERJ-P08J330V","https://www.mouser.com/ProductDetail/Panasonic/ERJ-P08J330V?qs=Zyl8A9hlmJpOgDSQxgflOA%3D%3D","https://industrial.panasonic.com/cdbs/www-data/pdf/RDA0000/AOA0000C307.pdf","Confirm backlight current and power.","1"
"R106,R107,R108,R109","680R","","","","","${EXCLUDE_FROM_POS_FILES}","Resistor_SMD:R_0603_1608Metric","Yageo","RC0603FR-07680RL","https://www.mouser.com/ProductDetail/YAGEO/RC0603FR-07680RL?qs=2cAdsCoAWRH4RP9ApRPkoA%3D%3D","https://www.yageo.com/upload/media/product/productsearch/datasheet/rchip/PYu-RC_Group_51_RoHS_L_11.pdf","N/A","4"
"R118","10R","","","","","${EXCLUDE_FROM_POS_FILES}","Resistor_SMD:R_0603_1608Metric","Yageo","RC0603FR-0710RL","https://www.mouser.com/ProductDetail/YAGEO/RC0603FR-0710RL?qs=womCuNp6NjhtCUybQ%252B6d6w%3D%3D","https://www.yageo.com/upload/media/product/productsearch/datasheet/rchip/PYu-RC_Group_51_RoHS_L_11.pdf","N/A","1"
"R124,R127,R129,R132","4R7","","","","","${EXCLUDE_FROM_POS_FILES}","Resistor_SMD:R_0805_2012Metric","Panasonic","ERJ-P06J4R7V","https://www.mouser.com/ProductDetail/Panasonic/ERJ-P06J4R7V?qs=iIVTEDlrHA2ds%2FUPCRkf9A%3D%3D","https://industrial.panasonic.com/cdbs/www-data/pdf/RDA0000/AOA0000C307.pdf","N/A","4"
"R125,R130","150k","","","","","${EXCLUDE_FROM_POS_FILES}","Resistor_SMD:R_0603_1608Metric","Yageo","RC0603FR-07150KL","https://www.mouser.com/ProductDetail/YAGEO/RC0603FR-07150KL?qs=VU8sRB4EgwAs5t5QrX5iHA%3D%3D","https://www.yageo.com/upload/media/product/productsearch/datasheet/rchip/PYu-RC_Group_51_RoHS_L_11.pdf","N/A","2"
"R126,R131","47k","","","","","${EXCLUDE_FROM_POS_FILES}","Resistor_SMD:R_0603_1608Metric","Yageo","RC0603FR-0747KL","https://www.mouser.com/ProductDetail/YAGEO/RC0603FR-0747KL?qs=gt6vzsuosg3jXzmCiDCCdg%3D%3D","https://www.yageo.com/upload/media/product/productsearch/datasheet/rchip/PYu-RC_Group_51_RoHS_L_11.pdf","N/A","2"
"R135,R136","2R7","","","","","${EXCLUDE_FROM_POS_FILES}","Resistor_SMD:R_0805_2012Metric","Panasonic","ERJ-P06J2R7V","https://www.mouser.com/ProductDetail/Panasonic/ERJ-P06J2R7V?qs=iIVTEDlrHA2tl%252B9sLAUxoA%3D%3D","https://industrial.panasonic.com/cdbs/www-data/pdf/RDA0000/AOA0000C307.pdf","N/A","2"
"R137","6k8","","","","","${EXCLUDE_FROM_POS_FILES}","Resistor_SMD:R_0603_1608Metric","Yageo","RC0603FR-076K8L","https://www.mouser.com/ProductDetail/YAGEO/RC0603FR-076K8L?qs=2cAdsCoAWRHZH%252Bj6FKAbhQ%3D%3D","https://www.yageo.com/upload/media/product/productsearch/datasheet/rchip/PYu-RC_Group_51_RoHS_L_11.pdf","","1"
"R138","6k8","","","","","${EXCLUDE_FROM_POS_FILES}","Resistor_SMD:R_0603_1608Metric","Yageo","RC0603FR-076K8L","https://www.mouser.com/ProductDetail/YAGEO/RC0603FR-076K8L?qs=2cAdsCoAWRHZH%252Bj6FKAbhQ%3D%3D","https://www.yageo.com/upload/media/product/productsearch/datasheet/rchip/PYu-RC_Group_51_RoHS_L_11.pdf","N/A","1"
"R140","100k","","","","","${EXCLUDE_FROM_POS_FILES}","Resistor_SMD:R_0603_1608Metric","Yageo","RC0603FR-07100KL","https://www.mouser.com/ProductDetail/YAGEO/RC0603FR-07100KL?qs=e1ok2LiJcmaihem8Va5%2Fsw%3D%3D","https://yageogroup.com/component-documentation/download/specsheet/RC0603FR-07100KL","DW3220 IRQ pull-down.","1"
"R142,R143","0R","","","","","${EXCLUDE_FROM_POS_FILES}","Resistor_SMD:R_0201_0603Metric","Panasonic Industry","ERJ-1GN0R00C","https://eu.mouser.com/en/ProductDetail/Panasonic-Industry/ERJ-1GN0R00C?qs=7CTG1529Hzj3BLXuZjatmA%3D%3D","https://industrial.panasonic.com/cdbs/www-data/pdf/RDA0000/AOA0000C304.pdf","Fitted FTE link, place directly beside antenna, change only after VNA tuning.","2"
"R144","1k","","","","","${EXCLUDE_FROM_POS_FILES}","Resistor_SMD:R_0603_1608Metric","Yageo","RC0603FR-071KL","https://www.mouser.com/en/ProductDetail/YAGEO/RC0603FR-071KL?qs=VU8sRB4EgwApHsk4rF%2F3zg%3D%3D","https://yageogroup.com/component-documentation/download/specsheet/RC0603FR-07100KL","DW3220 IRQ pull-down.","1"
"R145,R146,R147,R148","10k","","","","","${EXCLUDE_FROM_POS_FILES}","Resistor_SMD:R_0603_1608Metric","Yageo","RC0603FR-0710KL","https://www.mouser.com/en/ProductDetail/YAGEO/RC0603FR-0710KL?qs=grNVn54RoB%252B3GtjbJj3wJQ%3D%3D","https://yageogroup.com/component-documentation/download/specsheet/RC0603FR-0710KL","DW3220 IRQ pull-down.","4"
"SW1","RotaryEncoder_Switch","","","","","${EXCLUDE_FROM_POS_FILES}","","Bourns","PEC11R-4215F-S0024","https://www.mouser.com/en/ProductDetail/Bourns/PEC11R-4215F-S0024?qs=Zq5ylnUbLm5lAqmKF80wzQ%3D%3D","https://www.mouser.com/datasheet/3/40/1/PEC11R.pdf","Exact Rev-A encoder selected","1"
"SW2,SW3,SW4,SW5,SW8","SW_Push","","","","","${EXCLUDE_FROM_POS_FILES}","Button_Switch_SMD:SW_SPST_PTS810","C&K","PTS810SJM250SMTR LFS","https://eu.mouser.com/en/ProductDetail/CK/PTS810SJM250SMTR-LFS?qs=Imq1NPwxi75Vg1coPafm8w%3D%3D","https://www.littelfuse.com/assetdocs/littelfuse-ck-tactile-pts810-series-datasheet?assetguid=f1e4bc97-66e9-4beb-99c6-eaef0bd3bff4","N/A","5"
"SW6,SW7","SW_Push","","","","","${EXCLUDE_FROM_POS_FILES}","Button_Switch_SMD:SW_SPST_PTS810","C&K","PTS810SJM250SMTR LFS","https://www.mouser.com/ProductDetail/CK/PTS810SJM250SMTR-LFS?qs=Imq1NPwxi75Vg1coPafm8w%3D%3D","https://www.ckswitches.com/media/1470/pts810.pdf","Exact Rev-A tactile switch selected","2"
"T1,T2,T3","B0310J50100AHF","","","","","${EXCLUDE_FROM_POS_FILES}","BO310:XFMR_B0310J50100AHF","TTM Technologies","B0310J50100AHF","https://www.mouser.com/ProductDetail/TTM-Technologies/B0310J50100AHF?qs=61pwXRo0i5gTsLpDbJAC8g%3D%3D","https://cdn.ttm.com/repository/products/wireless-xinger/balun-transformers/B0310J50100AHF/B0310J50100AHF.pdf","N/A","3"
"U1","ESP32-S3-WROOM-1-N16R2","","","","","${EXCLUDE_FROM_POS_FILES}","RF_Module:ESP32-S3-WROOM-1","Espressif","ESP32-S3-WROOM-1-N16R2","https://www.mouser.com/ProductDetail/Espressif-Systems/ESP32-S3-WROOM-1-N16R2?qs=Li%252BoUPsLEnvy1bxV65eH%2Fw%3D%3D","https://www.espressif.com/sites/default/files/documentation/esp32-s3-wroom-1_wroom-1u_datasheet_en.pdf","Keepout required under module antenna.","1"
"U2","RP2350A","","","","","${EXCLUDE_FROM_POS_FILES}","Package_DFN_QFN:QFN-60-1EP_7x7mm_P0.4mm_EP3.4x3.4mm","Raspberry Pi","SC1509(13)-A4","https://www.mouser.com/ProductDetail/Raspberry-Pi/SC150913-A4?qs=jcD%2FCkGBYeOXNvbQYvy81A%3D%3D","https://datasheets.raspberrypi.com/rp2350/rp2350-datasheet.pdf","Assembly: RP2350A exposed pad grounded; X-ray.","1"
"U3,U4,U5","CC1101RGPR","","","","","${EXCLUDE_FROM_POS_FILES}","CC1101:QFN50P400X400X100-21N","Texas Instruments","CC1101RGPR","https://www.mouser.com/ProductDetail/Texas-Instruments/CC1101RGPR?qs=OHhYoCux73lreNWI41kZ9Q%3D%3D","https://www.ti.com/lit/ds/symlink/cc1101.pdf","Assembly: QFN exposed pad grounded; X-ray.","3"
"U6","SI4463-C2A-GM","","","","","${EXCLUDE_FROM_POS_FILES}","Package_DFN_QFN:QFN-20-1EP_4x4mm_P0.5mm_EP2.6x2.6mm_ThermalVias","Silicon Labs","SI4463-C2A-GMR","https://www.mouser.com/ProductDetail/Silicon-Labs/SI4463-C2A-GMR?qs=p9T7GgSe1IH7yXWv7w1wyw%3D%3D","https://www.silabs.com/documents/public/data-sheets/Si4464-63-61-60.pdf","Assembly: exposed pad grounded; X-ray.","1"
"U7,U10,U12","BGS12WN6E6327XTSA1","","","","","${EXCLUDE_FROM_POS_FILES}","Package_LGA:Infineon_PG-TSNP-6-10_0.7x1.1mm_0.7x1.1mm_P0.4mm","Infineon","BGS12WN6E6327XTSA1","https://www.mouser.com/ProductDetail/Infineon-Technologies/BGS12WN6E6327XTSA1?qs=unwgFEO1A6uim3e4emYLzg%3D%3D","https://www.infineon.com/part/BGS12WN6","Assembly: verify RF-switch pin-1 orientation.","3"
"U8,U9,U18,U19,U20,U21","BGS13SN8E6327XTSA1","","","","","${EXCLUDE_FROM_POS_FILES}","FOBtool_Custom:Infineon_PG-TSNP-8-1_1.1x1.1mm_P0.4mm","Infineon","BGS13SN8E6327XTSA1","https://www.mouser.com/ProductDetail/Infineon-Technologies/BGS13SN8E6327XTSA1?qs=0DP5yvOrqYmFtfP%252BZ8kQgQ%3D%3D","https://www.infineon.com/dgdl/Infineon-BGS13SN8-DS-v02_02-EN.pdf","Check pin-1 and package orientation.","6"
"U11","MAX17048G+","","","","","${EXCLUDE_FROM_POS_FILES}","MAX17048:SON50P200X200X80-9N","Analog Devices","MAX17048G+T10","https://www.mouser.com/ProductDetail/Analog-Devices-Maxim-Integrated/MAX17048G%2BT10?qs=D7PJwyCwLAoGnnn8jEPRBQ%3D%3D","https://www.analog.com/media/en/technical-documentation/data-sheets/MAX17048-MAX17049.pdf","Confirm battery profile assumptions.","1"
"U13","BQ25895RTW","","","","","${EXCLUDE_FROM_POS_FILES}","Package_DFN_QFN:Texas_RTW_WQFN-24-1EP_4x4mm_P0.5mm_EP2.7x2.7mm_ThermalVias","Texas Instruments","BQ25895RTWR","https://www.mouser.com/ProductDetail/Texas-Instruments/BQ25895RTWR?qs=jpHf3Ogds1zjGxTX69sx%252Bg%3D%3D","https://www.ti.com/lit/ds/symlink/bq25895.pdf","Assembly: exposed pad, thermal vias and X-ray.","1"
"U14,U17","TQP3M9036","","","","","${EXCLUDE_FROM_POS_FILES}","TQP3M:SON50P200X200X95-9N","Qorvo","TQP3M9036","https://www.mouser.com/ProductDetail/Qorvo/TQP3M9036?qs=73ok1p1Z9vuHVw3N%2FSkE8w%3D%3D","https://www.qorvo.com/products/p/TQP3M9036","Assembly: follow RF land pattern and EP grounding.","2"
"U15","TSS-13LN+","","","","","${EXCLUDE_FROM_POS_FILES}","Package_DFN_QFN:QFN-12-1EP_3x3mm_P0.51mm_EP1.45x1.45mm","Mini-Circuits","TSS-13LN+","https://www.mouser.com/ProductDetail/Mini-Circuits/TSS-13LN%2B?qs=xZ%2FP%252Ba9zWqYna5jiwAQkeQ%3D%3D","https://www.minicircuits.com/pdfs/TSS-13LN+.pdf","PCBWay: inspect exposed-pad voiding/X-ray.","1"
"U16","TCA9535PWR","","","","","${EXCLUDE_FROM_POS_FILES}","Package_SO:TSSOP-24_4.4x7.8mm_P0.65mm","Texas Instruments","TCA9535PWR","https://www.mouser.com/ProductDetail/Texas-Instruments/TCA9535PWR?qs=AgKnS2cdFrcE0lUzhMSKXw%3D%3D","https://www.ti.com/lit/ds/symlink/tca9535.pdf","N/A","1"
"U22","TQP7M9106","","","","","${EXCLUDE_FROM_POS_FILES}","TQP7M:QFN50P400X400X90-25N","Qorvo","TQP7M9106","https://www.mouser.com/ProductDetail/Qorvo/TQP7M9106?qs=ZyJ8JrQCoIZWZMWEw%252BwsMg%3D%3D","https://www.qorvo.com/products/p/TQP7M9106","Assembly: EP vias, thermal review, X-ray; RF tune.","1"
"U23","LT3154AV#TRPBF","","","","","${EXCLUDE_FROM_POS_FILES}","LT3154AV:QFN50P300X300X83-17N","Analog Devices","LT3154AV#TRPBF","https://www.mouser.com/ProductDetail/Analog-Devices/LT3154AVTRPBF?qs=17ckDYBRdenpmNQbIu3%252BFA%3D%3D","https://www.analog.com/media/en/technical-documentation/data-sheets/lt3154.pdf","SOURCING: non-stocked/long lead; obtain PCBWay quote.","1"
"U25","TPS2553DBVR","","","","","${EXCLUDE_FROM_POS_FILES}","TPS2553:SOT95P280X145-6N","Texas Instruments","TPS2553DBVR","https://www.mouser.com/ProductDetail/Texas-Instruments/TPS2553DBVR?qs=QZKT0uTfj2LY8QSfRgrLvA%3D%3D","https://www.ti.com/lit/ds/symlink/tps2553.pdf","N/A","1"
"U26","W25Q128JVSIQ","","","","","${EXCLUDE_FROM_POS_FILES}","Package_SO:SOIC-8_5.3x5.3mm_P1.27mm","Winbond","W25Q128JVSIQTR","https://www.mouser.com/ProductDetail/Winbond/W25Q128JVSIQ-TR?qs=qSfuJ%252Bfl%2Fd7vTyLA9kNdGw%3D%3D","https://www.winbond.com/resource-files/w25q128jv%20revf%2003272018%20plus.pdf","N/A","1"
"U27","TPS22918DBVR","","","","","${EXCLUDE_FROM_POS_FILES}","Package_TO_SOT_SMD:SOT-23-6","Texas Instruments","TPS22918DBVR","https://www.mouser.com/ProductDetail/Texas-Instruments/TPS22918DBVR?qs=f4l5qYp%2Fy%252B5F7w5ZAgmi7A%3D%3D","https://www.ti.com/lit/ds/symlink/tps22918.pdf","N/A","1"
"U28,U29,U30,U31","BGS12P2L6","","","","","${EXCLUDE_FROM_POS_FILES}","Package_LGA:Infineon_PG-TSNP-6-10_0.7x1.1mm_0.7x1.1mm_P0.4mm","Infineon","BGS12P2L6E6327XTSA1","https://www.mouser.com/ProductDetail/Infineon-Technologies/BGS12P2L6E6327XTSA1?qs=mAH9sUMRCtuiUSQTWc4Zyg%3D%3D","https://www.infineon.com/part/BGS12P2L6","N/A","4"
"U32,U34","TPD2E2U06DCK","","","","","${EXCLUDE_FROM_POS_FILES}","Package_TO_SOT_SMD:SOT-323_SC-70","Texas Instruments","TPD2E2U06DCKR","https://www.mouser.com/ProductDetail/Texas-Instruments/TPD2E2U06DCKR?qs=xZ%2FP%252Ba9zWqa9UMTS1HgCWA%3D%3D","https://www.ti.com/lit/ds/symlink/tpd2e2u06.pdf","N/A","2"
"U33","CP2102N-Axx-xQFN24","","","","","${EXCLUDE_FROM_POS_FILES}","Package_DFN_QFN:QFN-24-1EP_4x4mm_P0.5mm_EP2.6x2.6mm","Silicon Labs","CP2102N-A02-GQFN24R","https://www.mouser.com/ProductDetail/Silicon-Labs/CP2102N-A02-GQFN24R?qs=u16ybLDytRaIVBf0X4zL0g%3D%3D","https://www.silabs.com/documents/public/data-sheets/cp2102n-datasheet.pdf","N/A","1"
"U35","DW3220","","","","","${EXCLUDE_FROM_POS_FILES}","Package_DFN_QFN:QFN-40-1EP_5x5mm_P0.4mm_EP3.6x3.6mm","Qorvo","DW3220TR13","https://www.mouser.com/ProductDetail/Qorvo/DW3220TR13?qs=hWgE7mdIu5Rlynx3NsHs6w%3D%3D","https://www.qorvo.com/products/p/DW3220","N/A","1"
"U36","SN65HVD230","","","","","${EXCLUDE_FROM_POS_FILES}","Package_SO:SOIC-8_3.9x4.9mm_P1.27mm","Texas Instruments","SN65HVD230DR","https://www.mouser.com/ProductDetail/Texas-Instruments/SN65HVD230DR?qs=QViXGNcIEAtifeQR3pYVUQ%3D%3D","https://www.ti.com/lit/ds/symlink/sn65hvd230.pdf","N/A","1"
"U37","SN74AHCT1G125DBVR","","","","","${EXCLUDE_FROM_POS_FILES}","Package_TO_SOT_SMD:SOT-23-5","Texas Instruments","SN74AHCT1G125DBVR","https://www.mouser.com/ProductDetail/Texas-Instruments/SN74AHCT1G125DBVR?qs=N6WZOzgtpqVaVW8Lh%252BgevA%3D%3D","https://www.ti.com/lit/ds/symlink/sn74ahct1g125.pdf","N/A","1"
"U38","DRV2605LDGS","","","","","${EXCLUDE_FROM_POS_FILES}","Package_SO:TSSOP-10_3x3mm_P0.5mm","Texas Instruments","DRV2605LDGSR","https://www.mouser.com/ProductDetail/Texas-Instruments/DRV2605LDGSR?qs=asCBFxFfL1QnLacQzdinMg%3D%3D","https://www.ti.com/lit/ds/symlink/drv2605l.pdf","Configure/calibrate for C08-005.","1"
"U39","TCA9534PWR","","","","","${EXCLUDE_FROM_POS_FILES}","Package_SO:TSSOP-16_4.4x5mm_P0.65mm","Texas Instruments","TCA9534PWR","https://www.mouser.com/ProductDetail/Texas-Instruments/TCA9534PWR?qs=asCBFxFfL1TClFTvNajg1Q%3D%3D","https://www.ti.com/lit/ds/symlink/tca9534.pdf","Firmware: I2C address 0x21.","1"
"U40","ATECC608C-TCSM","","","","","${EXCLUDE_FROM_POS_FILES}","Package_SO:SOIC-8_3.9x4.9mm_P1.27mm","Microchip","ATECC608C-TCSMS","https://www.mouser.com/ProductDetail/Microchip-Technology/ATECC608C-TCSMS?qs=HFfMDpzxxd2GITyRL%252BZ5JQ%3D%3D","https://www.microchip.com/en-us/product/atecc608c-tcsm","Client approve provisioning before locking.","1"
"U41","MAX-M10N-10B-00","","","","","${EXCLUDE_FROM_POS_FILES}","FOBtool_Custom:ublox_MAX-M10N","u-blox","MAX-M10N-10B-00","https://www.mouser.com/ProductDetail/u-blox/MAX-M10N-10B?qs=bpu3f%2FCR1jx%252B%2Fy43q7LPug%3D%3D","https://content.u-blox.com/sites/default/files/documents/MAX-M10N-10B_DataSheet_UBXDOC-304424225-18248.pdf","N/A","1"
"U42","LTR-303ALS-01","","","","","${EXCLUDE_FROM_POS_FILES}","OptoDevice:Lite-On_LTR-303ALS-01","Lite-On","LTR-303ALS-01","https://www.mouser.com/ProductDetail/LITEON/LTR-303ALS-01?qs=Ml%2FaxAEbwm%252Bm%252BetMkBDC8g%3D%3D","https://optoelectronics.liteon.com/upload/download/DS86-2013-0004/LTR-303ALS-01_DS_V1.pdf","N/A","1"
"U43","PCF85263AT/AJ","","","","","${EXCLUDE_FROM_POS_FILES}","Package_SO:SOIC-8_3.9x4.9mm_P1.27mm","NXP","PCF85263AT/AJ","https://www.mouser.com/ProductDetail/NXP-Semiconductors/PCF85263AT-AJ?qs=Yna0arPQ0CRv73dJWlJrSQ%3D%3D","https://www.nxp.com/docs/en/data-sheet/PCF85263A.pdf","N/A","1"
"U44","PN7160B1HN/C100E","","","","","${EXCLUDE_FROM_POS_FILES}","Package_DFN_QFN:HVQFN-40-1EP_6x6mm_P0.5mm_EP4.1x4.1mm_ThermalVias","NXP","PN7160B1HN/C100E","https://www.digikey.com/en/products/detail/nxp-usa-inc/PN7160B1HN-C100E/15650129","https://www.nxp.com/docs/en/data-sheet/PN7160_PN7161.pdf","N/A","1"
"U45,U46","TMS3705FDRQ1","","","","","${EXCLUDE_FROM_POS_FILES}","Package_SO:SOIC-16_3.9x9.9mm_P1.27mm","Texas Instruments","TMS3705FDRQ1","https://www.mouser.com/ProductDetail/Texas-Instruments/TMS3705FDRQ1?qs=1Kr7Jg1SGW8bGWh8XtrgQA%3D%3D","https://www.ti.com/lit/ds/symlink/tms3705.pdf","SOURCING: recheck lifecycle and stock before PO.","2"
"U47","SN74AHCT00PWR","","","","","${EXCLUDE_FROM_POS_FILES}","SN74:SOP65P640X120-14N","Texas Instruments","SN74AHCT00PWR","https://www.digikey.co.uk/en/products/detail/texas-instruments/SN74AHCT00PWR/375377","https://www.ti.com/lit/ds/symlink/sn74ahct00.pdf","N/A","1"
"U48","SN74LVC157APWR","","","","","${EXCLUDE_FROM_POS_FILES}","Package_SO:TSSOP-16_4.4x5mm_P0.65mm","Texas Instruments","SN74LVC157APWR","https://www.mouser.com/ProductDetail/Texas-Instruments/SN74LVC157APWR?qs=pt%2FIv5r0EPeb8A1XHTS3EQ%3D%3D","https://www.ti.com/lit/ds/symlink/sn74lvc157a.pdf","N/A","1"
"U49","TPS61022","","","","","${EXCLUDE_FROM_POS_FILES}","Package_DFN_QFN:Texas_RWU0007A_VQFN-7_2x2mm_P0.5mm","Texas Instruments","TPS61022RWUR","https://www.mouser.com/ProductDetail/Texas-Instruments/TPS61022RWUR?qs=vLWxofP3U2zlxrk4cD0iFA%3D%3D","https://www.ti.com/lit/ds/symlink/tps61022.pdf","Assembly: EP ground/X-ray; verify peak current/thermal.","1"
"Y1,Y2,Y3","ABM8-26.000MHz-10-B-1-U-T","","","","","${EXCLUDE_FROM_POS_FILES}","Crystal:Crystal_SMD_3225-4Pin_3.2x2.5mm","Abracon","ABM8-26.000MHz-10-B-1-U-T","https://eu.mouser.com/en/ProductDetail/ABRACON/ABM8-26.000MHz-10-B-1-U-T?qs=vLWxofP3U2wBd3EkAU2a0g%3D%3D","https://abracon.com/Resonators/ABM8.pdf","Ground crystal case pads 2/4.","3"
"Y4","ABM11W-30.0000MHZ-8-D1X-T3","","","","","${EXCLUDE_FROM_POS_FILES}","Crystal:Crystal_SMD_2016-4Pin_2.0x1.6mm","Abracon","ABM11W-30.0000MHZ-8-D1X-T3","https://eu.mouser.com/en/ProductDetail/ABRACON/ABM11W-30.0000MHZ-8-D1X-T3?qs=5aG0NVq1C4wNQuRTrmb%252BMA%3D%3D","https://abracon.com/Resonators/ABM11W.pdf","","1"
"Y5","ABS07-32.768KHZ-7-T","","","","","${EXCLUDE_FROM_POS_FILES}","Crystal:Crystal_SMD_3215-2Pin_3.2x1.5mm","Abracon","ABS07-32.768KHZ-7-T","https://www.mouser.com/ProductDetail/ABRACON/ABS07-32768KHZ-7-T?qs=2nyfZ6BV3oibNEFok2qBLA%3D%3D","https://abracon.com/Resonators/ABS07.pdf","N/A","1"
"Y6","ABM8-272-T3_12MHZ","","","","","${EXCLUDE_FROM_POS_FILES}","Crystal:Crystal_SMD_Abracon_ABM8G-4Pin_3.2x2.5mm","Abracon","ABM8-272-T3","https://www.mouser.com/ProductDetail/ABRACON/ABM8-272-T3?qs=QpmGXVUTftEj6miOiJBMxQ%3D%3D","https://abracon.com/Resonators/ABM8.pdf","Ground crystal case pads 2/4.","1"
"Y7","TXC 8Y38472012","","","","","${EXCLUDE_FROM_POS_FILES}","Crystal:Crystal_SMD_2016-4Pin_2.0x1.6mm","TXC","8Y38472012","https://www.digikey.co.uk/en/products/detail/txc-corporation/8Y38472012/10492148","https://www.txccorp.com/download/products/8Y-Series.pdf","Verify crystal load capacitance.","1"
"Y8","NX2016SA 27.12MHz 10pF","","","","","${EXCLUDE_FROM_POS_FILES}","Crystal:Crystal_SMD_2016-4Pin_2.0x1.6mm","NDK","NX2016SA-27.120000MHz-EXS00A-CS06346","https://www.digikey.co.uk/en/products/detail/ndk-nihon-dempa-kogyo-co-ltd/CS06346-27-12M/9172028","https://www.ndk.com/images/products/catalog/c_NX2016SA_e.pdf","Ground crystal case pads 2/4.","1"
"Y9,Y10","CSTCR4M00G55B-R0","","","","","${EXCLUDE_FROM_POS_FILES}","CSCT:OSC_CSTCR4M00G55B-R0","Murata","CSTCR4M00G55B-R0","https://www.mouser.com/ProductDetail/Murata-Electronics/CSTCR4M00G55B-R0?qs=fPfMK8GXCEJpvxE6N93dow%3D%3D","https://www.murata.com/en-global/products/productdetail?partno=CSTCR4M00G55B-R0","N/A","2"
