Category,Nominal Value,Target References,Manufacturer,MPN,Quantity,Distributor,Distributor Link,Datasheet,Fitted/DNP Status,PCBWay Assembly,Notes
RF tuning capacitor,1.5 pF,C73,KEMET,CBR04C159B5GAC,10,Mouser,https://www.mouser.co.uk/en/ProductDetail/KEMET/CBR04C159B5GAC?qs=9Jcv%252B5Uo%2F3nGbtJizWExGw%3D%3D,https://yageogroup.com/content/datasheet/asset/file/KEM_C1030_CBR_SMD,TUNING SPARE - NOT FITTED,EXCLUDE,Stocked substitute for zero-stock Murata GJM; install only after VNA measurement.
RF tuning capacitor,2.0 pF,C73,Murata Electronics,GJM1555C1H2R0BB01D,10,Mouser,https://www.mouser.co.uk/en/ProductDetail/Murata-Electronics/GJM1555C1H2R0BB01D?qs=fOe5G3t%252BQHqBllXqhVoZLQ%3D%3D,https://www.murata.com/en-eu/products/capacitor/ceramiccapacitor/overview/lineup/smd/gjm,TUNING SPARE - NOT FITTED,EXCLUDE,Install only after VNA measurement.
RF tuning capacitor,3.0 pF,C70,Murata Electronics,GJM1555C1H3R0BB01D,10,Mouser,https://www.mouser.co.uk/en/ProductDetail/Murata-Electronics/GJM1555C1H3R0BB01D?qs=fOe5G3t%252BQHoZjxUrLCJNQQ%3D%3D,https://www.murata.com/en-eu/products/capacitor/ceramiccapacitor/overview/lineup/smd/gjm,TUNING SPARE - NOT FITTED,EXCLUDE,Install only after VNA measurement.
RF tuning capacitor,3.6 pF,C70,Murata Electronics,GJM1555C1H3R6BB01D,10,Mouser,https://www.mouser.co.uk/en/ProductDetail/Murata-Electronics/GJM1555C1H3R6BB01D?qs=nTDll3UaDK7KDQg2dCGL%2FA%3D%3D,https://www.murata.com/en-eu/products/capacitor/ceramiccapacitor/overview/lineup/smd/gjm,TUNING SPARE - NOT FITTED,EXCLUDE,Install only after VNA measurement.
RF tuning capacitor,4.3 pF,C67; C75,Murata Electronics,GJM1555C1H4R3BB01D,10,Mouser,https://www.mouser.co.uk/en/ProductDetail/Murata-Electronics/GJM1555C1H4R3BB01D?qs=HXqoGf9WMLlYBmXhCSm8Pw%3D%3D,https://www.murata.com/en-eu/products/capacitor/ceramiccapacitor/overview/lineup/smd/gjm,TUNING SPARE - NOT FITTED,EXCLUDE,Install only after VNA measurement.
RF tuning capacitor,5.1 pF,C67; C74; C75,Murata Electronics,GJM1555C1H5R1BB01D,10,Mouser,https://www.mouser.co.uk/en/ProductDetail/Murata-Electronics/GJM1555C1H5R1BB01D?qs=YLLXL5qGyDsC0ZZVCZbXgA%3D%3D,https://www.murata.com/en-eu/products/capacitor/ceramiccapacitor/overview/lineup/smd/gjm,TUNING SPARE - NOT FITTED,EXCLUDE,Install only after VNA measurement.
RF tuning capacitor,6.2 pF,C74,Murata Electronics,GJM1555C1H6R2BB01D,10,Mouser,https://www.mouser.co.uk/en/ProductDetail/Murata-Electronics/GJM1555C1H6R2BB01D?qs=YLLXL5qGyDvhpxKzxtJmFw%3D%3D,https://www.murata.com/en-eu/products/capacitor/ceramiccapacitor/overview/lineup/smd/gjm,TUNING SPARE - NOT FITTED,EXCLUDE,Install only after VNA measurement.
RF tuning capacitor,8.2 pF,C72,KEMET,CBR04C829B5GAC,10,Mouser,https://www.mouser.co.uk/en/ProductDetail/KEMET/CBR04C829B5GAC?qs=XxWtqqdu%2F9EwUuiUKbh2jA%3D%3D,https://yageogroup.com/content/datasheet/asset/file/KEM_C1030_CBR_SMD,TUNING SPARE - NOT FITTED,EXCLUDE,Stocked substitute for zero-stock Murata GJM; install only after VNA measurement.
RF tuning capacitor,10 pF,C71; C72,Murata Electronics,GJM1555C1H100JB01D,10,Mouser,https://www.mouser.co.uk/en/ProductDetail/Murata-Electronics/GJM1555C1H100JB01D?qs=a%252BFIGJKJg8sEAdLKXS3lYw%3D%3D,https://www.murata.com/en-eu/products/capacitor/ceramiccapacitor/overview/lineup/smd/gjm,TUNING SPARE - NOT FITTED,EXCLUDE,Install only after VNA measurement.
RF tuning capacitor,12 pF,C69; C71,Murata Electronics,GJM1555C1H120JB01D,10,Mouser,https://www.mouser.co.uk/en/ProductDetail/Murata-Electronics/GJM1555C1H120JB01D?qs=a0pwrXwGaniuQ%252BK%2F3jn%2F%2Fw%3D%3D,https://www.murata.com/en-eu/products/capacitor/ceramiccapacitor/overview/lineup/smd/gjm,TUNING SPARE - NOT FITTED,EXCLUDE,Install only after VNA measurement.
RF tuning capacitor,13 pF,C68,Murata Electronics,GJM1555C1H130JB01D,10,Mouser,https://www.mouser.co.uk/en/ProductDetail/Murata-Electronics/GJM1555C1H130JB01D?qs=p6VZ%252BklCkRQOKU4cxUcomw%3D%3D,https://www.murata.com/en-eu/products/capacitor/ceramiccapacitor/overview/lineup/smd/gjm,TUNING SPARE - NOT FITTED,EXCLUDE,Install only after VNA measurement.
RF tuning capacitor,15 pF,C69,Murata Electronics,GJM1555C1H150JB01D,10,Mouser,https://www.mouser.co.uk/en/ProductDetail/Murata-Electronics/GJM1555C1H150JB01D?qs=a0pwrXwGanj7wlRhnCU%252Bug%3D%3D,https://www.murata.com/en-eu/products/capacitor/ceramiccapacitor/overview/lineup/smd/gjm,TUNING SPARE - NOT FITTED,EXCLUDE,Install only after VNA measurement.
RF tuning capacitor,16 pF,C68,Murata Electronics,GJM1555C1H160JB01D,10,Mouser,https://www.mouser.co.uk/en/ProductDetail/Murata-Electronics/GJM1555C1H160JB01D?qs=p6VZ%252BklCkRTkZhOAB0pxhQ%3D%3D,https://www.murata.com/en-eu/products/capacitor/ceramiccapacitor/overview/lineup/smd/gjm,TUNING SPARE - NOT FITTED,EXCLUDE,Install only after VNA measurement.
RF tuning inductor,3.6 nH,L32,Murata Electronics,LQW18AN3N6C00D,10,Mouser,https://www.mouser.co.uk/en/ProductDetail/Murata-Electronics/LQW18AN3N6C00D?qs=hKxK89fx60LCy81tpuYB4A%3D%3D,https://pim.murata.com/asset/pim4/inductor/JELF243A-0024_PDF_INDUCTOR,TUNING SPARE - NOT FITTED,EXCLUDE,Install only after VNA and harmonic measurement.
RF tuning inductor,4.3 nH,L32,Murata Electronics,LQW18AN4N3C00D,10,Mouser,https://www.mouser.co.uk/en/ProductDetail/Murata-Electronics/LQW18AN4N3C00D?qs=W2MaHu96STZjVSBQr%252BDZxQ%3D%3D,https://pim.murata.com/asset/pim4/inductor/JELF243A-0024_PDF_INDUCTOR,TUNING SPARE - NOT FITTED,EXCLUDE,Install only after VNA and harmonic measurement.
RF tuning inductor,8.2 nH,L29,Murata Electronics,LQW18AN8N2D00D,10,Mouser,https://www.mouser.co.uk/en/ProductDetail/Murata-Electronics/LQW18AN8N2D00D?qs=D44APCoREsTtpEsFi6CA%2Fg%3D%3D,https://pim.murata.com/asset/pim4/inductor/JELF243A-0024_PDF_INDUCTOR,TUNING SPARE - NOT FITTED,EXCLUDE,Install only after VNA and harmonic measurement.
RF tuning inductor,10 nH,L29,Murata Electronics,LQW18AN10NJ00D,10,Mouser,https://www.mouser.co.uk/en/ProductDetail/Murata-Electronics/LQW18AN10NJ00D?qs=uNPdTkgJI6Ij1YZiYZRkfg%3D%3D,https://pim.murata.com/asset/pim4/inductor/JELF243A-0024_PDF_INDUCTOR,TUNING SPARE - NOT FITTED,EXCLUDE,Install only after VNA and harmonic measurement.
RF tuning inductor,11 nH,L26; L30,Murata Electronics,LQW18AN11NJ00D,10,Mouser,https://www.mouser.co.uk/en/ProductDetail/Murata-Electronics/LQW18AN11NJ00D?qs=a6NhTrN4IIJg%252BAEPWlhO%252BA%3D%3D,https://pim.murata.com/asset/pim4/inductor/JELF243A-0024_PDF_INDUCTOR,TUNING SPARE - NOT FITTED,EXCLUDE,Install only after VNA and harmonic measurement.
RF tuning inductor,12 nH,L31,Murata Electronics,LQW18AN12NJ00D,10,Mouser,https://www.mouser.co.uk/en/ProductDetail/Murata-Electronics/LQW18AN12NJ00D?qs=a6NhTrN4IIKxxIWUKRNpWg%3D%3D,https://pim.murata.com/asset/pim4/inductor/JELF243A-0024_PDF_INDUCTOR,TUNING SPARE - NOT FITTED,EXCLUDE,Install only after VNA and harmonic measurement.
RF tuning inductor,13 nH,L26; L30,Murata Electronics,LQW18AN13NJ00D,10,Mouser,https://www.mouser.co.uk/en/ProductDetail/Murata-Electronics/LQW18AN13NJ00D?qs=a6NhTrN4IIKtp8PeROuqew%3D%3D,https://pim.murata.com/asset/pim4/inductor/JELF243A-0024_PDF_INDUCTOR,TUNING SPARE - NOT FITTED,EXCLUDE,Install only after VNA and harmonic measurement.
RF tuning inductor,16 nH,L31,Murata Electronics,LQW18AN16NJ00D,10,Mouser,https://www.mouser.co.uk/en/ProductDetail/Murata-Electronics/LQW18AN16NJ00D?qs=piMhy12%252BTdcrtAaw%2FtbZkA%3D%3D,https://pim.murata.com/asset/pim4/inductor/JELF243A-0024_PDF_INDUCTOR,TUNING SPARE - NOT FITTED,EXCLUDE,Stocked replacement for unavailable 15 nH option; install only after measurement.
RF tuning inductor,22 nH,L27,Murata Electronics,LQW18AN22NJ00D,10,Mouser,https://www.mouser.co.uk/en/ProductDetail/Murata-Electronics/LQW18AN22NJ00D?qs=DUiBgnZiRiYU8MoKWWpN0w%3D%3D,https://pim.murata.com/asset/pim4/inductor/JELF243A-0024_PDF_INDUCTOR,TUNING SPARE - NOT FITTED,EXCLUDE,Install only after VNA and harmonic measurement.
RF tuning inductor,24 nH,L28,Murata Electronics,LQW18AN24NJ00D,10,Mouser,https://www.mouser.co.uk/en/ProductDetail/Murata-Electronics/LQW18AN24NJ00D?qs=DUiBgnZiRiY9RqhGGnA5DA%3D%3D,https://pim.murata.com/asset/pim4/inductor/JELF243A-0024_PDF_INDUCTOR,TUNING SPARE - NOT FITTED,EXCLUDE,Install only after VNA and harmonic measurement.
RF tuning inductor,27 nH,L27,Murata Electronics,LQW18AN27NJ00D,10,Mouser,https://www.mouser.co.uk/en/ProductDetail/Murata-Electronics/LQW18AN27NJ00D?qs=DUiBgnZiRibaM%2FYjO7aStA%3D%3D,https://pim.murata.com/asset/pim4/inductor/JELF243A-0024_PDF_INDUCTOR,TUNING SPARE - NOT FITTED,EXCLUDE,Install only after VNA and harmonic measurement.
RF tuning inductor,30 nH,L24; L28,Murata Electronics,LQW18AN30NJ00D,10,Mouser,https://www.mouser.co.uk/en/ProductDetail/Murata-Electronics/LQW18AN30NJ00D?qs=kxvqxJXdJnZNrH%2Ft0GdDBA%3D%3D,https://pim.murata.com/asset/pim4/inductor/JELF243A-0024_PDF_INDUCTOR,TUNING SPARE - NOT FITTED,EXCLUDE,Install only after VNA and harmonic measurement.
RF tuning inductor,36 nH,L24; L25,Murata Electronics,LQW18AN36NJ00D,10,Mouser,https://www.mouser.co.uk/en/ProductDetail/Murata-Electronics/LQW18AN36NJ00D?qs=kxvqxJXdJnYR1yrXvHBeXw%3D%3D,https://pim.murata.com/asset/pim4/inductor/JELF243A-0024_PDF_INDUCTOR,TUNING SPARE - NOT FITTED,EXCLUDE,Install only after VNA and harmonic measurement.
RF tuning inductor,43 nH,L25,Murata Electronics,LQW18AN43NJ00D,10,Mouser,https://www.mouser.co.uk/en/ProductDetail/Murata-Electronics/LQW18AN43NJ00D?qs=hKxK89fx60Loe8AM1U09mA%3D%3D,https://pim.murata.com/asset/pim4/inductor/JELF243A-0024_PDF_INDUCTOR,TUNING SPARE - NOT FITTED,EXCLUDE,Install only after VNA and harmonic measurement.
